Workbook

Sheet Planilha1
A1: ORIGEM | B1: TIPO | C1: NUMDOC | D1: CODCLIFOR | E1: SERIE | F1: TIPDOC | G1: DATATU | H1: CODCTA | I1: CODFIL | J1: CODUNN | K1: UNIDADE | L1: CODCGA | M1: GASTO | N1: CODCUS | O1: DESCRI | P1: SINTET | Q1: SINTETICA | R1: ANALIT | S1: ANALITICA | T1: RECDES | U1: MES | V1: TRIMESTRE | W1: ANO | X1: VLRIMP_REAL | Y1: VLRIMP | Z1: VLRINI | AA1: VLRAJUS | AB1: VLRREM | AC1: VLRAJUS2 | AD1: VLRREA | AE1: VLRFOR | AF1: OBSERVACAO | AG1: Placa | AH1: FONTE_DOC | AI1: COD_PACOTE | AJ1: PACOTE | AK1: CODGER | AL1: CODGRU | AM1: SITUAC | AN1: USUATU | AO1: NUMDUP | AP1: FILDUP | AQ1: DATFIS
A2: FIN | B2: REALIZADO | C2: 000001794ME0057 | D2: 119473 | E2: 1 | F2: FIN | G2: 2026-03-26 09:29:00.000 | H2: NULL | I2: 27 | J2: 21 | K2: TRANSFERÊNCIA URBANA - EMPURRADA | L2: 112 | M2: OPERALOG AMAZÔNIA - CAMAÇARI | N2: 35 | O2: OPERACIONAL | P2: 149 | Q2: FINANCIAMENTOS DE VEÍCULOS PESADOS - VP | R2: 61 | S2: C.D.C. - VP | T2: D | U2: 4 | V2: 2 | W2: 2026 | X2: 0 | Y2: 0 | Z2: 0.00000000000 | AA2: 0.00 | AB2: 0 | AC2: 0.000000 | AD2: -10817.54 | AE2: 0.00 | AF2: 2272 | AG2: =_xlfn.XLOOKUP(AF2,Planilha2!B:B,Planilha2!A:A,0,0) -> QYZ-3E44 | AH2: FIN | AI2: 3 | AJ2: OPERACIONAL | AK2: 14 | AL2: 3 | AM2: L | AN2: ISABELA.SILVA | AO2: NULL | AP2: NULL | AQ2: 2021-08-19 00:00:00.000
A3: FIN | B3: REALIZADO | C3: 000002089ME0046 | D3: 119473 | E3: 1 | F3: FIN | G3: 2026-05-26 16:39:00.000 | H3: NULL | I3: 19 | J3: 21 | K3: TRANSFERÊNCIA URBANA - EMPURRADA | L3: 112 | M3: OPERALOG AMAZÔNIA - CAMAÇARI | N3: 35 | O3: OPERACIONAL | P3: 149 | Q3: FINANCIAMENTOS DE VEÍCULOS PESADOS - VP | R3: 61 | S3: C.D.C. - VP | T3: D | U3: 6 | V3: 2 | W3: 2026 | X3: 0 | Y3: 0 | Z3: 0.00000000000 | AA3: 0.00 | AB3: 0 | AC3: 0.000000 | AD3: -25085.47 | AE3: 0.00 | AF3: 2524 | AG3: =_xlfn.XLOOKUP(AF3,Planilha2!B:B,Planilha2!A:A,0,0) -> RPG-5D53 | AH3: FIN | AI3: 3 | AJ3: OPERACIONAL | AK3: 14 | AL3: 3 | AM3: L | AN3: ISABELA.SILVA | AO3: NULL | AP3: NULL | AQ3: 2022-07-28 00:00:00.000
A4: FIN | B4: REALIZADO | C4: 000001849ME0054 | D4: 119473 | E4: 1 | F4: FIN | G4: 2026-03-26 09:00:00.000 | H4: NULL | I4: 27 | J4: 21 | K4: TRANSFERÊNCIA URBANA - EMPURRADA | L4: 112 | M4: OPERALOG AMAZÔNIA - CAMAÇARI | N4: 35 | O4: OPERACIONAL | P4: 149 | Q4: FINANCIAMENTOS DE VEÍCULOS PESADOS - VP | R4: 61 | S4: C.D.C. - VP | T4: D | U4: 4 | V4: 2 | W4: 2026 | X4: 0 | Y4: 0 | Z4: 0.00000000000 | AA4: 0.00 | AB4: 0 | AC4: 0.000000 | AD4: -6447.322 | AE4: 0.00 | AF4: 2037 | AG4: =_xlfn.XLOOKUP(AF4,Planilha2!B:B,Planilha2!A:A,0,0) -> RZF-8B28 | AH4: FIN | AI4: 3 | AJ4: OPERACIONAL | AK4: 14 | AL4: 3 | AM4: L | AN4: ISABELA.SILVA | AO4: NULL | AP4: NULL | AQ4: 2021-11-01 00:00:00.000
A5: FIN | B5: REALIZADO | C5: 000002089ME0048 | D5: 119473 | E5: 1 | F5: FIN | G5: 2026-07-23 17:14:00.000 | H5: NULL | I5: 19 | J5: 21 | K5: TRANSFERÊNCIA URBANA - EMPURRADA | L5: 112 | M5: OPERALOG AMAZÔNIA - CAMAÇARI | N5: 35 | O5: OPERACIONAL | P5: 149 | Q5: FINANCIAMENTOS DE VEÍCULOS PESADOS - VP | R5: 61 | S5: C.D.C. - VP | T5: D | U5: 8 | V5: 3 | W5: 2026 | X5: 0 | Y5: 0 | Z5: 0.00000000000 | AA5: 0.00 | AB5: 0 | AC5: 0.000000 | AD5: -25085.47 | AE5: 0.00 | AF5: 2524 | AG5: =_xlfn.XLOOKUP(AF5,Planilha2!B:B,Planilha2!A:A,0,0) -> RPG-5D53 | AH5: FIN | AI5: 3 | AJ5: OPERACIONAL | AK5: 14 | AL5: 3 | AM5: L | AN5: ISABELA.SILVA | AO5: NULL | AP5: NULL | AQ5: 2022-07-28 00:00:00.000
A6: FIN | B6: REALIZADO | C6: 000002089ME0046 | D6: 119473 | E6: 1 | F6: FIN | G6: 2026-05-26 16:39:00.000 | H6: NULL | I6: 19 | J6: 21 | K6: TRANSFERÊNCIA URBANA - EMPURRADA | L6: 112 | M6: OPERALOG AMAZÔNIA - CAMAÇARI | N6: 35 | O6: OPERACIONAL | P6: 149 | Q6: FINANCIAMENTOS DE VEÍCULOS PESADOS - VP | R6: 61 | S6: C.D.C. - VP | T6: D | U6: 6 | V6: 2 | W6: 2026 | X6: 0 | Y6: 0 | Z6: 0.00000000000 | AA6: 0.00 | AB6: 0 | AC6: 0.000000 | AD6: -25085.47 | AE6: 0.00 | AF6: 2528 | AG6: =_xlfn.XLOOKUP(AF6,Planilha2!B:B,Planilha2!A:A,0,0) -> RPG-7A20 | AH6: FIN | AI6: 3 | AJ6: OPERACIONAL | AK6: 14 | AL6: 3 | AM6: L | AN6: ISABELA.SILVA | AO6: NULL | AP6: NULL | AQ6: 2022-07-28 00:00:00.000
A7: FIN | B7: REALIZADO | C7: 000001822ME0056 | D7: 119473 | E7: 1 | F7: FIN | G7: 2026-04-29 13:21:00.000 | H7: NULL | I7: 27 | J7: 21 | K7: TRANSFERÊNCIA URBANA - EMPURRADA | L7: 112 | M7: OPERALOG AMAZÔNIA - CAMAÇARI | N7: 35 | O7: OPERACIONAL | P7: 149 | Q7: FINANCIAMENTOS DE VEÍCULOS PESADOS - VP | R7: 61 | S7: C.D.C. - VP | T7: D | U7: 5 | V7: 2 | W7: 2026 | X7: 0 | Y7: 0 | Z7: 0.00000000000 | AA7: 0.00 | AB7: 0 | AC7: 0.000000 | AD7: -5896.428 | AE7: 0.00 | AF7: 2077 | AG7: =_xlfn.XLOOKUP(AF7,Planilha2!B:B,Planilha2!A:A,0,0) -> RZF-9F80 | AH7: FIN | AI7: 3 | AJ7: OPERACIONAL | AK7: 14 | AL7: 3 | AM7: L | AN7: ISABELA.SILVA | AO7: NULL | AP7: NULL | AQ7: 2021-09-14 00:00:00.000
A8: FIN | B8: REALIZADO | C8: 000002089ME0048 | D8: 119473 | E8: 1 | F8: FIN | G8: 2026-07-23 17:14:00.000 | H8: NULL | I8: 19 | J8: 21 | K8: TRANSFERÊNCIA URBANA - EMPURRADA | L8: 112 | M8: OPERALOG AMAZÔNIA - CAMAÇARI | N8: 35 | O8: OPERACIONAL | P8: 149 | Q8: FINANCIAMENTOS DE VEÍCULOS PESADOS - VP | R8: 61 | S8: C.D.C. - VP | T8: D | U8: 8 | V8: 3 | W8: 2026 | X8: 0 | Y8: 0 | Z8: 0.00000000000 | AA8: 0.00 | AB8: 0 | AC8: 0.000000 | AD8: -25085.47 | AE8: 0.00 | AF8: 2530 | AG8: =_xlfn.XLOOKUP(AF8,Planilha2!B:B,Planilha2!A:A,0,0) -> RPG-6H27 | AH8: FIN | AI8: 3 | AJ8: OPERACIONAL | AK8: 14 | AL8: 3 | AM8: L | AN8: ISABELA.SILVA | AO8: NULL | AP8: NULL | AQ8: 2022-07-28 00:00:00.000
A9: FIN | B9: REALIZADO | C9: 000001822ME0060 | D9: 119473 | E9: 1 | F9: FIN | G9: 2026-08-28 08:33:00.000 | H9: NULL | I9: 27 | J9: 21 | K9: TRANSFERÊNCIA URBANA - EMPURRADA | L9: 112 | M9: OPERALOG AMAZÔNIA - CAMAÇARI | N9: 35 | O9: OPERACIONAL | P9: 149 | Q9: FINANCIAMENTOS DE VEÍCULOS PESADOS - VP | R9: 61 | S9: C.D.C. - VP | T9: D | U9: 9 | V9: 3 | W9: 2026 | X9: 0 | Y9: 0 | Z9: 0.00000000000 | AA9: 0.00 | AB9: 0 | AC9: 0.000000 | AD9: -5896.428 | AE9: 0.00 | AF9: 2075 | AG9: =_xlfn.XLOOKUP(AF9,Planilha2!B:B,Planilha2!A:A,0,0) -> RZF-9F40 | AH9: FIN | AI9: 3 | AJ9: OPERACIONAL | AK9: 14 | AL9: 3 | AM9: L | AN9: ISABELA.SILVA | AO9: NULL | AP9: NULL | AQ9: 2021-09-14 00:00:00.000
A10: FIN | B10: REALIZADO | C10: 000001847ME0057 | D10: 119473 | E10: 1 | F10: FIN | G10: 2026-06-26 11:02:00.000 | H10: NULL | I10: 27 | J10: 21 | K10: TRANSFERÊNCIA URBANA - EMPURRADA | L10: 112 | M10: OPERALOG AMAZÔNIA - CAMAÇARI | N10: 35 | O10: OPERACIONAL | P10: 149 | Q10: FINANCIAMENTOS DE VEÍCULOS PESADOS - VP | R10: 61 | S10: C.D.C. - VP | T10: D | U10: 7 | V10: 3 | W10: 2026 | X10: 0 | Y10: 0 | Z10: 0.00000000000 | AA10: 0.00 | AB10: 0 | AC10: 0.000000 | AD10: -6447.322 | AE10: 0.00 | AF10: 2021 | AG10: =_xlfn.XLOOKUP(AF10,Planilha2!B:B,Planilha2!A:A,0,0) -> RZF-8E78 | AH10: FIN | AI10: 3 | AJ10: OPERACIONAL | AK10: 14 | AL10: 3 | AM10: L | AN10: ISABELA.SILVA | AO10: NULL | AP10: NULL | AQ10: 2021-11-08 00:00:00.000
A11: FIN | B11: REALIZADO | C11: 000001822ME0056 | D11: 119473 | E11: 1 | F11: FIN | G11: 2026-04-29 13:21:00.000 | H11: NULL | I11: 27 | J11: 21 | K11: TRANSFERÊNCIA URBANA - EMPURRADA | L11: 112 | M11: OPERALOG AMAZÔNIA - CAMAÇARI | N11: 35 | O11: OPERACIONAL | P11: 149 | Q11: FINANCIAMENTOS DE VEÍCULOS PESADOS - VP | R11: 61 | S11: C.D.C. - VP | T11: D | U11: 5 | V11: 2 | W11: 2026 | X11: 0 | Y11: 0 | Z11: 0.00000000000 | AA11: 0.00 | AB11: 0 | AC11: 0.000000 | AD11: -5896.428 | AE11: 0.00 | AF11: 2075 | AG11: =_xlfn.XLOOKUP(AF11,Planilha2!B:B,Planilha2!A:A,0,0) -> RZF-9F40 | AH11: FIN | AI11: 3 | AJ11: OPERACIONAL | AK11: 14 | AL11: 3 | AM11: L | AN11: ISABELA.SILVA | AO11: NULL | AP11: NULL | AQ11: 2021-09-14 00:00:00.000
A12: FIN | B12: REALIZADO | C12: 000001822ME0060 | D12: 119473 | E12: 1 | F12: FIN | G12: 2026-08-28 08:33:00.000 | H12: NULL | I12: 27 | J12: 21 | K12: TRANSFERÊNCIA URBANA - EMPURRADA | L12: 112 | M12: OPERALOG AMAZÔNIA - CAMAÇARI | N12: 35 | O12: OPERACIONAL | P12: 149 | Q12: FINANCIAMENTOS DE VEÍCULOS PESADOS - VP | R12: 61 | S12: C.D.C. - VP | T12: D | U12: 9 | V12: 3 | W12: 2026 | X12: 0 | Y12: 0 | Z12: 0.00000000000 | AA12: 0.00 | AB12: 0 | AC12: 0.000000 | AD12: -5896.428 | AE12: 0.00 | AF12: 2077 | AG12: =_xlfn.XLOOKUP(AF12,Planilha2!B:B,Planilha2!A:A,0,0) -> RZF-9F80 | AH12: FIN | AI12: 3 | AJ12: OPERACIONAL | AK12: 14 | AL12: 3 | AM12: L | AN12: ISABELA.SILVA | AO12: NULL | AP12: NULL | AQ12: 2021-09-14 00:00:00.000
A13: FIN | B13: REALIZADO | C13: 000001852ME0059 | D13: 119473 | E13: 1 | F13: FIN | G13: 2026-08-20 12:50:00.000 | H13: NULL | I13: 27 | J13: 21 | K13: TRANSFERÊNCIA URBANA - EMPURRADA | L13: 112 | M13: OPERALOG AMAZÔNIA - CAMAÇARI | N13: 35 | O13: OPERACIONAL | P13: 149 | Q13: FINANCIAMENTOS DE VEÍCULOS PESADOS - VP | R13: 61 | S13: C.D.C. - VP | T13: D | U13: 9 | V13: 3 | W13: 2026 | X13: 0 | Y13: 0 | Z13: 0.00000000000 | AA13: 0.00 | AB13: 0 | AC13: 0.000000 | AD13: -6447.322 | AE13: 0.00 | AF13: 2051 | AG13: =_xlfn.XLOOKUP(AF13,Planilha2!B:B,Planilha2!A:A,0,0) -> RZF-7H88 | AH13: FIN | AI13: 3 | AJ13: OPERACIONAL | AK13: 14 | AL13: 3 | AM13: L | AN13: ISABELA.SILVA | AO13: NULL | AP13: NULL | AQ13: 2021-11-04 00:00:00.000
... A42: FIN | B42: REALIZADO | C42: 000001822ME0057 | D42: 119473 | E42: 1 | F42: FIN | G42: 2026-05-26 17:15:00.000 | H42: NULL | I42: 27 | J42: 21 | K42: TRANSFERÊNCIA URBANA - EMPURRADA | L42: 112 | M42: OPERALOG AMAZÔNIA - CAMAÇARI | N42: 35 | O42: OPERACIONAL | P42: 149 | Q42: FINANCIAMENTOS DE VEÍCULOS PESADOS - VP | R42: 61 | S42: C.D.C. - VP | T42: D | U42: 6 | V42: 2 | W42: 2026 | X42: 0 | Y42: 0 | Z42: 0.00000000000 | AA42: 0.00 | AB42: 0 | AC42: 0.000000 | AD42: -5896.428 | AE42: 0.00 | AF42: 2075 | AG42: =_xlfn.XLOOKUP(AF42,Planilha2!B:B,Planilha2!A:A,0,0) -> RZF-9F40 | AH42: FIN | AI42: 3 | AJ42: OPERACIONAL | AK42: 14 | AL42: 3 | AM42: L | AN42: ISABELA.SILVA | AO42: NULL | AP42: NULL | AQ42: 2021-09-14 00:00:00.000
A43: FIN | B43: REALIZADO | C43: 000011985ME0022 | D43: 872 | E43: 1 | F43: FIN | G43: 2026-05-28 08:52:00.000 | H43: NULL | I43: 109 | J43: 21 | K43: TRANSFERÊNCIA URBANA - EMPURRADA | L43: 112 | M43: OPERALOG AMAZÔNIA - CAMAÇARI | N43: 35 | O43: OPERACIONAL | P43: 149 | Q43: FINANCIAMENTOS DE VEÍCULOS PESADOS - VP | R43: 61 | S43: C.D.C. - VP | T43: D | U43: 5 | V43: 2 | W43: 2026 | X43: 0 | Y43: 0 | Z43: 0.00000000000 | AA43: 0.00 | AB43: 0 | AC43: 0.000000 | AD43: -15941.1 | AE43: 0.00 | AF43: 590OP | AG43: =_xlfn.XLOOKUP(AF43,Planilha2!B:B,Planilha2!A:A,0,0) -> QYW-2D78 | AH43: FIN | AI43: 3 | AJ43: OPERACIONAL | AK43: 14 | AL43: 3 | AM43: L | AN43: ISABELA.SILVA | AO43: NULL | AP43: NULL | AQ43: 2024-08-01 00:00:00.000
A44: FIN | B44: REALIZADO | C44: 000002090ME0048 | D44: 119473 | E44: 1 | F44: FIN | G44: 2026-07-30 09:39:00.000 | H44: NULL | I44: 19 | J44: 21 | K44: TRANSFERÊNCIA URBANA - EMPURRADA | L44: 112 | M44: OPERALOG AMAZÔNIA - CAMAÇARI | N44: 35 | O44: OPERACIONAL | P44: 149 | Q44: FINANCIAMENTOS DE VEÍCULOS PESADOS - VP | R44: 61 | S44: C.D.C. - VP | T44: D | U44: 8 | V44: 3 | W44: 2026 | X44: 0 | Y44: 0 | Z44: 0.00000000000 | AA44: 0.00 | AB44: 0 | AC44: 0.000000 | AD44: -25085.47 | AE44: 0.00 | AF44: 2510 | AG44: =_xlfn.XLOOKUP(AF44,Planilha2!B:B,Planilha2!A:A,0,0) -> RPH-9D43 | AH44: FIN | AI44: 3 | AJ44: OPERACIONAL | AK44: 14 | AL44: 3 | AM44: L | AN44: ISABELA.SILVA | AO44: NULL | AP44: NULL | AQ44: 2022-07-28 00:00:00.000
A45: FIN | B45: REALIZADO | C45: 000001822ME0057 | D45: 119473 | E45: 1 | F45: FIN | G45: 2026-05-26 17:15:00.000 | H45: NULL | I45: 27 | J45: 21 | K45: TRANSFERÊNCIA URBANA - EMPURRADA | L45: 112 | M45: OPERALOG AMAZÔNIA - CAMAÇARI | N45: 35 | O45: OPERACIONAL | P45: 149 | Q45: FINANCIAMENTOS DE VEÍCULOS PESADOS - VP | R45: 61 | S45: C.D.C. - VP | T45: D | U45: 6 | V45: 2 | W45: 2026 | X45: 0 | Y45: 0 | Z45: 0.00000000000 | AA45: 0.00 | AB45: 0 | AC45: 0.000000 | AD45: -5896.428 | AE45: 0.00 | AF45: 2077 | AG45: =_xlfn.XLOOKUP(AF45,Planilha2!B:B,Planilha2!A:A,0,0) -> RZF-9F80 | AH45: FIN | AI45: 3 | AJ45: OPERACIONAL | AK45: 14 | AL45: 3 | AM45: L | AN45: ISABELA.SILVA | AO45: NULL | AP45: NULL | AQ45: 2021-09-14 00:00:00.000
A46: FIN | B46: REALIZADO | C46: 000001849ME0055 | D46: 119473 | E46: 1 | F46: FIN | G46: 2026-04-29 12:55:00.000 | H46: NULL | I46: 27 | J46: 21 | K46: TRANSFERÊNCIA URBANA - EMPURRADA | L46: 112 | M46: OPERALOG AMAZÔNIA - CAMAÇARI | N46: 35 | O46: OPERACIONAL | P46: 149 | Q46: FINANCIAMENTOS DE VEÍCULOS PESADOS - VP | R46: 61 | S46: C.D.C. - VP | T46: D | U46: 5 | V46: 2 | W46: 2026 | X46: 0 | Y46: 0 | Z46: 0.00000000000 | AA46: 0.00 | AB46: 0 | AC46: 0.000000 | AD46: -6447.322 | AE46: 0.00 | AF46: 2037 | AG46: =_xlfn.XLOOKUP(AF46,Planilha2!B:B,Planilha2!A:A,0,0) -> RZF-8B28 | AH46: FIN | AI46: 3 | AJ46: OPERACIONAL | AK46: 14 | AL46: 3 | AM46: L | AN46: ISABELA.SILVA | AO46: NULL | AP46: NULL | AQ46: 2021-11-01 00:00:00.000
A47: FIN | B47: REALIZADO | C47: 000001736ME0060 | D47: 119473 | E47: 1 | F47: FIN | G47: 2026-05-28 13:07:00.000 | H47: NULL | I47: 27 | J47: 21 | K47: TRANSFERÊNCIA URBANA - EMPURRADA | L47: 112 | M47: OPERALOG AMAZÔNIA - CAMAÇARI | N47: 35 | O47: OPERACIONAL | P47: 149 | Q47: FINANCIAMENTOS DE VEÍCULOS PESADOS - VP | R47: 61 | S47: C.D.C. - VP | T47: D | U47: 6 | V47: 2 | W47: 2026 | X47: 0 | Y47: 0 | Z47: 0.00000000000 | AA47: 0.00 | AB47: 0 | AC47: 0.000000 | AD47: -10027.84 | AE47: 0.00 | AF47: 2254 | AG47: =_xlfn.XLOOKUP(AF47,Planilha2!B:B,Planilha2!A:A,0,0) -> QYX-2C72 | AH47: FIN | AI47: 3 | AJ47: OPERACIONAL | AK47: 14 | AL47: 3 | AM47: L | AN47: ISABELA.SILVA | AO47: NULL | AP47: NULL | AQ47: 2021-06-28 00:00:00.000
A48: FIN | B48: REALIZADO | C48: 000002089ME0045 | D48: 119473 | E48: 1 | F48: FIN | G48: 2026-04-28 15:06:00.000 | H48: NULL | I48: 19 | J48: 21 | K48: TRANSFERÊNCIA URBANA - EMPURRADA | L48: 112 | M48: OPERALOG AMAZÔNIA - CAMAÇARI | N48: 35 | O48: OPERACIONAL | P48: 149 | Q48: FINANCIAMENTOS DE VEÍCULOS PESADOS - VP | R48: 61 | S48: C.D.C. - VP | T48: D | U48: 5 | V48: 2 | W48: 2026 | X48: 0 | Y48: 0 | Z48: 0.00000000000 | AA48: 0.00 | AB48: 0 | AC48: 0.000000 | AD48: -25085.47 | AE48: 0.00 | AF48: 2528 | AG48: =_xlfn.XLOOKUP(AF48,Planilha2!B:B,Planilha2!A:A,0,0) -> RPG-7A20 | AH48: FIN | AI48: 3 | AJ48: OPERACIONAL | AK48: 14 | AL48: 3 | AM48: L | AN48: ISABELA.SILVA | AO48: NULL | AP48: NULL | AQ48: 2022-07-28 00:00:00.000
A49: FIN | B49: REALIZADO | C49: 000002089ME0047 | D49: 119473 | E49: 1 | F49: FIN | G49: 2026-06-19 16:42:00.000 | H49: NULL | I49: 19 | J49: 21 | K49: TRANSFERÊNCIA URBANA - EMPURRADA | L49: 112 | M49: OPERALOG AMAZÔNIA - CAMAÇARI | N49: 35 | O49: OPERACIONAL | P49: 149 | Q49: FINANCIAMENTOS DE VEÍCULOS PESADOS - VP | R49: 61 | S49: C.D.C. - VP | T49: D | U49: 7 | V49: 3 | W49: 2026 | X49: 0 | Y49: 0 | Z49: 0.00000000000 | AA49: 0.00 | AB49: 0 | AC49: 0.000000 | AD49: -25085.47 | AE49: 0.00 | AF49: 2524 | AG49: =_xlfn.XLOOKUP(AF49,Planilha2!B:B,Planilha2!A:A,0,0) -> RPG-5D53 | AH49: FIN | AI49: 3 | AJ49: OPERACIONAL | AK49: 14 | AL49: 3 | AM49: L | AN49: ISABELA.SILVA | AO49: NULL | AP49: NULL | AQ49: 2022-07-28 00:00:00.000
A50: FIN | B50: REALIZADO | C50: 000002089ME0045 | D50: 119473 | E50: 1 | F50: FIN | G50: 2026-04-28 15:06:00.000 | H50: NULL | I50: 19 | J50: 21 | K50: TRANSFERÊNCIA URBANA - EMPURRADA | L50: 112 | M50: OPERALOG AMAZÔNIA - CAMAÇARI | N50: 35 | O50: OPERACIONAL | P50: 149 | Q50: FINANCIAMENTOS DE VEÍCULOS PESADOS - VP | R50: 61 | S50: C.D.C. - VP | T50: D | U50: 5 | V50: 2 | W50: 2026 | X50: 0 | Y50: 0 | Z50: 0.00000000000 | AA50: 0.00 | AB50: 0 | AC50: 0.000000 | AD50: -25085.47 | AE50: 0.00 | AF50: 2532 | AG50: =_xlfn.XLOOKUP(AF50,Planilha2!B:B,Planilha2!A:A,0,0) -> RPG-1J60 | AH50: FIN | AI50: 3 | AJ50: OPERACIONAL | AK50: 14 | AL50: 3 | AM50: L | AN50: ISABELA.SILVA | AO50: NULL | AP50: NULL | AQ50: 2022-07-28 00:00:00.000
A51: FIN | B51: REALIZADO | C51: 000001822ME0059 | D51: 119473 | E51: 1 | F51: FIN | G51: 2026-07-30 09:03:00.000 | H51: NULL | I51: 27 | J51: 21 | K51: TRANSFERÊNCIA URBANA - EMPURRADA | L51: 112 | M51: OPERALOG AMAZÔNIA - CAMAÇARI | N51: 35 | O51: OPERACIONAL | P51: 149 | Q51: FINANCIAMENTOS DE VEÍCULOS PESADOS - VP | R51: 61 | S51: C.D.C. - VP | T51: D | U51: 8 | V51: 3 | W51: 2026 | X51: 0 | Y51: 0 | Z51: 0.00000000000 | AA51: 0.00 | AB51: 0 | AC51: 0.000000 | AD51: -5896.428 | AE51: 0.00 | AF51: 2077 | AG51: =_xlfn.XLOOKUP(AF51,Planilha2!B:B,Planilha2!A:A,0,0) -> RZF-9F80 | AH51: FIN | AI51: 3 | AJ51: OPERACIONAL | AK51: 14 | AL51: 3 | AM51: L | AN51: ISABELA.SILVA | AO51: NULL | AP51: NULL | AQ51: 2021-09-14 00:00:00.000
A52: FIN | B52: REALIZADO | C52: 000001822ME0059 | D52: 119473 | E52: 1 | F52: FIN | G52: 2026-07-30 09:03:00.000 | H52: NULL | I52: 27 | J52: 21 | K52: TRANSFERÊNCIA URBANA - EMPURRADA | L52: 112 | M52: OPERALOG AMAZÔNIA - CAMAÇARI | N52: 35 | O52: OPERACIONAL | P52: 149 | Q52: FINANCIAMENTOS DE VEÍCULOS PESADOS - VP | R52: 61 | S52: C.D.C. - VP | T52: D | U52: 8 | V52: 3 | W52: 2026 | X52: 0 | Y52: 0 | Z52: 0.00000000000 | AA52: 0.00 | AB52: 0 | AC52: 0.000000 | AD52: -5896.428 | AE52: 0.00 | AF52: 2075 | AG52: =_xlfn.XLOOKUP(AF52,Planilha2!B:B,Planilha2!A:A,0,0) -> RZF-9F40 | AH52: FIN | AI52: 3 | AJ52: OPERACIONAL | AK52: 14 | AL52: 3 | AM52: L | AN52: ISABELA.SILVA | AO52: NULL | AP52: NULL | AQ52: 2021-09-14 00:00:00.000
A53: FIN | B53: REALIZADO | C53: 000001847ME0054 | D53: 119473 | E53: 1 | F53: FIN | G53: 2026-03-25 17:36:00.000 | H53: NULL | I53: 27 | J53: 21 | K53: TRANSFERÊNCIA URBANA - EMPURRADA | L53: 112 | M53: OPERALOG AMAZÔNIA - CAMAÇARI | N53: 35 | O53: OPERACIONAL | P53: 149 | Q53: FINANCIAMENTOS DE VEÍCULOS PESADOS - VP | R53: 61 | S53: C.D.C. - VP | T53: D | U53: 4 | V53: 2 | W53: 2026 | X53: 0 | Y53: 0 | Z53: 0.00000000000 | AA53: 0.00 | AB53: 0 | AC53: 0.000000 | AD53: -6447.322 | AE53: 0.00 | AF53: 2021 | AG53: =_xlfn.XLOOKUP(AF53,Planilha2!B:B,Planilha2!A:A,0,0) -> RZF-8E78 | AH53: FIN | AI53: 3 | AJ53: OPERACIONAL | AK53: 14 | AL53: 3 | AM53: L | AN53: ISABELA.SILVA | AO53: NULL | AP53: NULL | AQ53: 2021-11-08 00:00:00.000
A54: FIN | B54: REALIZADO | C54: 000001848ME0054 | D54: 119473 | E54: 1 | F54: FIN | G54: 2026-03-26 09:03:00.000 | H54: NULL | I54: 27 | J54: 21 | K54: TRANSFERÊNCIA URBANA - EMPURRADA | L54: 112 | M54: OPERALOG AMAZÔNIA - CAMAÇARI | N54: 35 | O54: OPERACIONAL | P54: 149 | Q54: FINANCIAMENTOS DE VEÍCULOS PESADOS - VP | R54: 61 | S54: C.D.C. - VP | T54: D | U54: 4 | V54: 2 | W54: 2026 | X54: 0 | Y54: 0 | Z54: 0.00000000000 | AA54: 0.00 | AB54: 0 | AC54: 0.000000 | AD54: -6447.322 | AE54: 0.00 | AF54: 2033 | AG54: =_xlfn.XLOOKUP(AF54,Planilha2!B:B,Planilha2!A:A,0,0) -> RZG-4A80 | AH54: FIN | AI54: 3 | AJ54: OPERACIONAL | AK54: 14 | AL54: 3 | AM54: L | AN54: ISABELA.SILVA | AO54: NULL | AP54: NULL | AQ54: 2021-11-04 00:00:00.000
A55: FIN | B55: REALIZADO | C55: 000001852ME0057 | D55: 119473 | E55: 1 | F55: FIN | G55: 2026-06-26 10:42:00.000 | H55: NULL | I55: 27 | J55: 21 | K55: TRANSFERÊNCIA URBANA - EMPURRADA | L55: 112 | M55: OPERALOG AMAZÔNIA - CAMAÇARI | N55: 35 | O55: OPERACIONAL | P55: 149 | Q55: FINANCIAMENTOS DE VEÍCULOS PESADOS - VP | R55: 61 | S55: C.D.C. - VP | T55: D | U55: 7 | V55: 3 | W55: 2026 | X55: 0 | Y55: 0 | Z55: 0.00000000000 | AA55: 0.00 | AB55: 0 | AC55: 0.000000 | AD55: -6447.322 | AE55: 0.00 | AF55: 2055 | AG55: =_xlfn.XLOOKUP(AF55,Planilha2!B:B,Planilha2!A:A,0,0) -> RZF-8D48 | AH55: FIN | AI55: 3 | AJ55: OPERACIONAL | AK55: 14 | AL55: 3 | AM55: L | AN55: ISABELA.SILVA | AO55: NULL | AP55: NULL | AQ55: 2021-11-04 00:00:00.000
... A58: FIN | B58: REALIZADO | C58: 000011213ME0038 | D58: 21009 | E58: 1 | F58: FIN | G58: 2026-03-17 16:47:00.000 | H58: NULL | I58: 12 | J58: 21 | K58: TRANSFERÊNCIA URBANA - EMPURRADA | L58: 112 | M58: OPERALOG AMAZÔNIA - CAMAÇARI | N58: 35 | O58: OPERACIONAL | P58: 149 | Q58: FINANCIAMENTOS DE VEÍCULOS PESADOS - VP | R58: 61 | S58: C.D.C. - VP | T58: D | U58: 3 | V58: 1 | W58: 2026 | X58: 0 | Y58: 0 | Z58: 0.00000000000 | AA58: 0.00 | AB58: 0 | AC58: 0.000000 | AD58: -17725.04 | AE58: 0.00 | AF58: 2476 | AG58: =_xlfn.XLOOKUP(AF58,Planilha2!B:B,Planilha2!A:A,0,0) -> RPG-1B56 | AH58: FIN | AI58: 3 | AJ58: OPERACIONAL | AK58: 14 | AL58: 3 | AM58: L | AN58: ISABELA.SILVA | AO58: NULL | AP58: NULL | AQ58: 2022-07-14 00:00:00.000
A59: FIN | B59: REALIZADO | C59: 000011522ME0036 | D59: 69551 | E59: 1 | F59: FIN | G59: 2023-08-18 13:15:00.000 | H59: NULL | I59: 109 | J59: 21 | K59: TRANSFERÊNCIA URBANA - EMPURRADA | L59: 112 | M59: OPERALOG AMAZÔNIA - CAMAÇARI | N59: 35 | O59: OPERACIONAL | P59: 149 | Q59: FINANCIAMENTOS DE VEÍCULOS PESADOS - VP | R59: 61 | S59: C.D.C. - VP | T59: D | U59: 6 | V59: 2 | W59: 2026 | X59: 0 | Y59: 0 | Z59: 0.00000000000 | AA59: 0.00 | AB59: 0 | AC59: 0.000000 | AD59: -5540.83 | AE59: 0.00 | AF59: 618OP | AG59: =_xlfn.XLOOKUP(AF59,Planilha2!B:B,Planilha2!A:A,0,0) -> RPO-0J60 | AH59: FIN | AI59: 3 | AJ59: OPERACIONAL | AK59: 14 | AL59: 3 | AM59: L | AN59: ANA.PESSOA | AO59: NULL | AP59: NULL | AQ59: 2022-12-20 00:00:00.000
A60: FIN | B60: REALIZADO | C60: 000002088ME0043 | D60: 119473 | E60: 1 | F60: FIN | G60: 2026-01-23 12:45:00.000 | H60: NULL | I60: 19 | J60: 21 | K60: TRANSFERÊNCIA URBANA - EMPURRADA | L60: 112 | M60: OPERALOG AMAZÔNIA - CAMAÇARI | N60: 35 | O60: OPERACIONAL | P60: 149 | Q60: FINANCIAMENTOS DE VEÍCULOS PESADOS - VP | R60: 61 | S60: C.D.C. - VP | T60: D | U60: 3 | V60: 1 | W60: 2026 | X60: 0 | Y60: 0 | Z60: 0.00000000000 | AA60: 0.00 | AB60: 0 | AC60: 0.000000 | AD60: -25085.47 | AE60: 0.00 | AF60: 2486 | AG60: =_xlfn.XLOOKUP(AF60,Planilha2!B:B,Planilha2!A:A,0,0) -> RPG-0C44 | AH60: FIN | AI60: 3 | AJ60: OPERACIONAL | AK60: 14 | AL60: 3 | AM60: L | AN60: ISABELA.SILVA | AO60: NULL | AP60: NULL | AQ60: 2022-07-28 00:00:00.000
A61: FIN | B61: REALIZADO | C61: 000011431ME0035 | D61: 42128 | E61: 1 | F61: FIN | G61: 2026-05-27 11:15:00.000 | H61: NULL | I61: 19 | J61: 21 | K61: TRANSFERÊNCIA URBANA - EMPURRADA | L61: 112 | M61: OPERALOG AMAZÔNIA - CAMAÇARI | N61: 35 | O61: OPERACIONAL | P61: 149 | Q61: FINANCIAMENTOS DE VEÍCULOS PESADOS - VP | R61: 61 | S61: C.D.C. - VP | T61: D | U61: 6 | V61: 2 | W61: 2026 | X61: 0 | Y61: 0 | Z61: 0.00000000000 | AA61: 0.00 | AB61: 0 | AC61: 0.000000 | AD61: -5450.755 | AE61: 0.00 | AF61: 2534 | AG61: =_xlfn.XLOOKUP(AF61,Planilha2!B:B,Planilha2!A:A,0,0) -> RPH-9E62 | AH61: FIN | AI61: 3 | AJ61: OPERACIONAL | AK61: 14 | AL61: 3 | AM61: L | AN61: ISABELA.SILVA | AO61: NULL | AP61: NULL | AQ61: 2022-08-09 00:00:00.000
A62: FIN | B62: REALIZADO | C62: 000011210ME0043 | D62: 21009 | E62: 1 | F62: FIN | G62: 2026-07-31 09:51:00.000 | H62: NULL | I62: 12 | J62: 21 | K62: TRANSFERÊNCIA URBANA - EMPURRADA | L62: 112 | M62: OPERALOG AMAZÔNIA - CAMAÇARI | N62: 35 | O62: OPERACIONAL | P62: 149 | Q62: FINANCIAMENTOS DE VEÍCULOS PESADOS - VP | R62: 61 | S62: C.D.C. - VP | T62: D | U62: 8 | V62: 3 | W62: 2026 | X62: 0 | Y62: 0 | Z62: 0.00000000000 | AA62: 0.00 | AB62: 0 | AC62: 0.000000 | AD62: -17725.04 | AE62: 0.00 | AF62: 2482 | AG62: =_xlfn.XLOOKUP(AF62,Planilha2!B:B,Planilha2!A:A,0,0) -> RPG-1D47 | AH62: FIN | AI62: 3 | AJ62: OPERACIONAL | AK62: 14 | AL62: 3 | AM62: L | AN62: ISABELA.SILVA | AO62: NULL | AP62: NULL | AQ62: 2022-07-14 00:00:00.000
A63: FIN | B63: REALIZADO | C63: 000011207ME0041 | D63: 21009 | E63: 1 | F63: FIN | G63: 2026-05-26 15:43:00.000 | H63: NULL | I63: 12 | J63: 21 | K63: TRANSFERÊNCIA URBANA - EMPURRADA | L63: 112 | M63: OPERALOG AMAZÔNIA - CAMAÇARI | N63: 35 | O63: OPERACIONAL | P63: 149 | Q63: FINANCIAMENTOS DE VEÍCULOS PESADOS - VP | R63: 61 | S63: C.D.C. - VP | T63: D | U63: 6 | V63: 2 | W63: 2026 | X63: 0 | Y63: 0 | Z63: 0.00000000000 | AA63: 0.00 | AB63: 0 | AC63: 0.000000 | AD63: -17725.04 | AE63: 0.00 | AF63: 2472 | AG63: =_xlfn.XLOOKUP(AF63,Planilha2!B:B,Planilha2!A:A,0,0) -> RPG-4D60 | AH63: FIN | AI63: 3 | AJ63: OPERACIONAL | AK63: 14 | AL63: 3 | AM63: L | AN63: ISABELA.SILVA | AO63: NULL | AP63: NULL | AQ63: 2022-07-14 00:00:00.000
A64: FIN | B64: REALIZADO | C64: 000011209ME0038 | D64: 21009 | E64: 1 | F64: FIN | G64: 2026-03-17 16:46:00.000 | H64: NULL | I64: 12 | J64: 21 | K64: TRANSFERÊNCIA URBANA - EMPURRADA | L64: 112 | M64: OPERALOG AMAZÔNIA - CAMAÇARI | N64: 35 | O64: OPERACIONAL | P64: 149 | Q64: FINANCIAMENTOS DE VEÍCULOS PESADOS - VP | R64: 61 | S64: C.D.C. - VP | T64: D | U64: 3 | V64: 1 | W64: 2026 | X64: 0 | Y64: 0 | Z64: 0.00000000000 | AA64: 0.00 | AB64: 0 | AC64: 0.000000 | AD64: -17725.04 | AE64: 0.00 | AF64: 2468 | AG64: =_xlfn.XLOOKUP(AF64,Planilha2!B:B,Planilha2!A:A,0,0) -> RPG-9B10 | AH64: FIN | AI64: 3 | AJ64: OPERACIONAL | AK64: 14 | AL64: 3 | AM64: L | AN64: ISABELA.SILVA | AO64: NULL | AP64: NULL | AQ64: 2022-07-14 00:00:00.000
A65: FIN | B65: REALIZADO | C65: 000002088ME0042 | D65: 119473 | E65: 1 | F65: FIN | G65: 2026-01-07 13:02:00.000 | H65: NULL | I65: 19 | J65: 21 | K65: TRANSFERÊNCIA URBANA - EMPURRADA | L65: 112 | M65: OPERALOG AMAZÔNIA - CAMAÇARI | N65: 35 | O65: OPERACIONAL | P65: 149 | Q65: FINANCIAMENTOS DE VEÍCULOS PESADOS - VP | R65: 61 | S65: C.D.C. - VP | T65: D | U65: 2 | V65: 1 | W65: 2026 | X65: 0 | Y65: 0 | Z65: 0.00000000000 | AA65: 0.00 | AB65: 0 | AC65: 0.000000 | AD65: -25085.47 | AE65: 0.00 | AF65: 2484 | AG65: =_xlfn.XLOOKUP(AF65,Planilha2!B:B,Planilha2!A:A,0,0) -> RPG-2G75 | AH65: FIN | AI65: 3 | AJ65: OPERACIONAL | AK65: 14 | AL65: 3 | AM65: L | AN65: ISABELA.SILVA | AO65: NULL | AP65: NULL | AQ65: 2022-07-28 00:00:00.000
A66: FIN | B66: REALIZADO | C66: 000011518ME0034 | D66: 69551 | E66: 1 | F66: FIN | G66: 2023-08-16 17:23:00.000 | H66: NULL | I66: 109 | J66: 21 | K66: TRANSFERÊNCIA URBANA - EMPURRADA | L66: 112 | M66: OPERALOG AMAZÔNIA - CAMAÇARI | N66: 35 | O66: OPERACIONAL | P66: 149 | Q66: FINANCIAMENTOS DE VEÍCULOS PESADOS - VP | R66: 61 | S66: C.D.C. - VP | T66: D | U66: 6 | V66: 2 | W66: 2026 | X66: 0 | Y66: 0 | Z66: 0.00000000000 | AA66: 0.00 | AB66: 0 | AC66: 0.000000 | AD66: -22859.57 | AE66: 0.00 | AF66: 619OP | AG66: =_xlfn.XLOOKUP(AF66,Planilha2!B:B,Planilha2!A:A,0,0) -> RZW-6G32 | AH66: FIN | AI66: 3 | AJ66: OPERACIONAL | AK66: 14 | AL66: 3 | AM66: L | AN66: ANA.PESSOA | AO66: NULL | AP66: NULL | AQ66: 2023-02-13 00:00:00.000
A67: FIN | B67: REALIZADO | C67: 000011518ME0036 | D67: 69551 | E67: 1 | F67: FIN | G67: 2023-08-16 17:23:00.000 | H67: NULL | I67: 109 | J67: 21 | K67: TRANSFERÊNCIA URBANA - EMPURRADA | L67: 112 | M67: OPERALOG AMAZÔNIA - CAMAÇARI | N67: 35 | O67: OPERACIONAL | P67: 149 | Q67: FINANCIAMENTOS DE VEÍCULOS PESADOS - VP | R67: 61 | S67: C.D.C. - VP | T67: D | U67: 8 | V67: 3 | W67: 2026 | X67: 0 | Y67: 0 | Z67: 0.00000000000 | AA67: 0.00 | AB67: 0 | AC67: 0.000000 | AD67: -22859.57 | AE67: 0.00 | AF67: 619OP | AG67: =_xlfn.XLOOKUP(AF67,Planilha2!B:B,Planilha2!A:A,0,0) -> RZW-6G32 | AH67: FIN | AI67: 3 | AJ67: OPERACIONAL | AK67: 14 | AL67: 3 | AM67: L | AN67: ANA.PESSOA | AO67: NULL | AP67: NULL | AQ67: 2023-02-13 00:00:00.000
A68: FIN | B68: REALIZADO | C68: 000002088ME0043 | D68: 119473 | E68: 1 | F68: FIN | G68: 2026-01-23 12:45:00.000 | H68: NULL | I68: 19 | J68: 21 | K68: TRANSFERÊNCIA URBANA - EMPURRADA | L68: 112 | M68: OPERALOG AMAZÔNIA - CAMAÇARI | N68: 35 | O68: OPERACIONAL | P68: 149 | Q68: FINANCIAMENTOS DE VEÍCULOS PESADOS - VP | R68: 61 | S68: C.D.C. - VP | T68: D | U68: 3 | V68: 1 | W68: 2026 | X68: 0 | Y68: 0 | Z68: 0.00000000000 | AA68: 0.00 | AB68: 0 | AC68: 0.000000 | AD68: -25085.47 | AE68: 0.00 | AF68: 2490 | AG68: =_xlfn.XLOOKUP(AF68,Planilha2!B:B,Planilha2!A:A,0,0) -> RPG-3A89 | AH68: FIN | AI68: 3 | AJ68: OPERACIONAL | AK68: 14 | AL68: 3 | AM68: L | AN68: ISABELA.SILVA | AO68: NULL | AP68: NULL | AQ68: 2022-07-28 00:00:00.000
A69: FIN | B69: REALIZADO | C69: 000011431ME0031 | D69: 42128 | E69: 1 | F69: FIN | G69: 2026-01-29 11:59:00.000 | H69: NULL | I69: 19 | J69: 21 | K69: TRANSFERÊNCIA URBANA - EMPURRADA | L69: 112 | M69: OPERALOG AMAZÔNIA - CAMAÇARI | N69: 35 | O69: OPERACIONAL | P69: 149 | Q69: FINANCIAMENTOS DE VEÍCULOS PESADOS - VP | R69: 61 | S69: C.D.C. - VP | T69: D | U69: 2 | V69: 1 | W69: 2026 | X69: 0 | Y69: 0 | Z69: 0.00000000000 | AA69: 0.00 | AB69: 0 | AC69: 0.000000 | AD69: -5450.755 | AE69: 0.00 | AF69: 2534 | AG69: =_xlfn.XLOOKUP(AF69,Planilha2!B:B,Planilha2!A:A,0,0) -> RPH-9E62 | AH69: FIN | AI69: 3 | AJ69: OPERACIONAL | AK69: 14 | AL69: 3 | AM69: L | AN69: ISABELA.SILVA | AO69: NULL | AP69: NULL | AQ69: 2022-08-09 00:00:00.000
A70: FIN | B70: REALIZADO | C70: 000011209ME0043 | D70: 21009 | E70: 1 | F70: FIN | G70: 2026-07-31 09:59:00.000 | H70: NULL | I70: 12 | J70: 21 | K70: TRANSFERÊNCIA URBANA - EMPURRADA | L70: 112 | M70: OPERALOG AMAZÔNIA - CAMAÇARI | N70: 35 | O70: OPERACIONAL | P70: 149 | Q70: FINANCIAMENTOS DE VEÍCULOS PESADOS - VP | R70: 61 | S70: C.D.C. - VP | T70: D | U70: 8 | V70: 3 | W70: 2026 | X70: 0 | Y70: 0 | Z70: 0.00000000000 | AA70: 0.00 | AB70: 0 | AC70: 0.000000 | AD70: -17725.04 | AE70: 0.00 | AF70: 2468 | AG70: =_xlfn.XLOOKUP(AF70,Planilha2!B:B,Planilha2!A:A,0,0) -> RPG-9B10 | AH70: FIN | AI70: 3 | AJ70: OPERACIONAL | AK70: 14 | AL70: 3 | AM70: L | AN70: ISABELA.SILVA | AO70: NULL | AP70: NULL | AQ70: 2022-07-14 00:00:00.000
A71: FIN | B71: REALIZADO | C71: 000011210ME0038 | D71: 21009 | E71: 1 | F71: FIN | G71: 2026-03-17 16:32:00.000 | H71: NULL | I71: 12 | J71: 21 | K71: TRANSFERÊNCIA URBANA - EMPURRADA | L71: 112 | M71: OPERALOG AMAZÔNIA - CAMAÇARI | N71: 35 | O71: OPERACIONAL | P71: 149 | Q71: FINANCIAMENTOS DE VEÍCULOS PESADOS - VP | R71: 61 | S71: C.D.C. - VP | T71: D | U71: 3 | V71: 1 | W71: 2026 | X71: 0 | Y71: 0 | Z71: 0.00000000000 | AA71: 0.00 | AB71: 0 | AC71: 0.000000 | AD71: -17725.04 | AE71: 0.00 | AF71: 2482 | AG71: =_xlfn.XLOOKUP(AF71,Planilha2!B:B,Planilha2!A:A,0,0) -> RPG-1D47 | AH71: FIN | AI71: 3 | AJ71: OPERACIONAL | AK71: 14 | AL71: 3 | AM71: L | AN71: ISABELA.SILVA | AO71: NULL | AP71: NULL | AQ71: 2022-07-14 00:00:00.000
A72: FIN | B72: REALIZADO | C72: 000011210ME0041 | D72: 21009 | E72: 1 | F72: FIN | G72: 2026-05-28 16:18:00.000 | H72: NULL | I72: 12 | J72: 21 | K72: TRANSFERÊNCIA URBANA - EMPURRADA | L72: 112 | M72: OPERALOG AMAZÔNIA - CAMAÇARI | N72: 35 | O72: OPERACIONAL | P72: 149 | Q72: FINANCIAMENTOS DE VEÍCULOS PESADOS - VP | R72: 61 | S72: C.D.C. - VP | T72: D | U72: 6 | V72: 2 | W72: 2026 | X72: 0 | Y72: 0 | Z72: 0.00000000000 | AA72: 0.00 | AB72: 0 | AC72: 0.000000 | AD72: -17725.04 | AE72: 0.00 | AF72: 2482 | AG72: =_xlfn.XLOOKUP(AF72,Planilha2!B:B,Planilha2!A:A,0,0) -> RPG-1D47 | AH72: FIN | AI72: 3 | AJ72: OPERACIONAL | AK72: 14 | AL72: 3 | AM72: L | AN72: ISABELA.SILVA | AO72: NULL | AP72: NULL | AQ72: 2022-07-14 00:00:00.000
A73: FIN | B73: REALIZADO | C73: 000011207ME0038 | D73: 21009 | E73: 1 | F73: FIN | G73: 2026-03-17 16:36:00.000 | H73: NULL | I73: 12 | J73: 21 | K73: TRANSFERÊNCIA URBANA - EMPURRADA | L73: 112 | M73: OPERALOG AMAZÔNIA - CAMAÇARI | N73: 35 | O73: OPERACIONAL | P73: 149 | Q73: FINANCIAMENTOS DE VEÍCULOS PESADOS - VP | R73: 61 | S73: C.D.C. - VP | T73: D | U73: 3 | V73: 1 | W73: 2026 | X73: 0 | Y73: 0 | Z73: 0.00000000000 | AA73: 0.00 | AB73: 0 | AC73: 0.000000 | AD73: -17725.04 | AE73: 0.00 | AF73: 2472 | AG73: =_xlfn.XLOOKUP(AF73,Planilha2!B:B,Planilha2!A:A,0,0) -> RPG-4D60 | AH73: FIN | AI73: 3 | AJ73: OPERACIONAL | AK73: 14 | AL73: 3 | AM73: L | AN73: ISABELA.SILVA | AO73: NULL | AP73: NULL | AQ73: 2022-07-14 00:00:00.000
A74: FIN | B74: REALIZADO | C74: 000011210ME0036 | D74: 21009 | E74: 1 | F74: FIN | G74: 2026-01-08 16:42:00.000 | H74: NULL | I74: 12 | J74: 21 | K74: TRANSFERÊNCIA URBANA - EMPURRADA | L74: 112 | M74: OPERALOG AMAZÔNIA - CAMAÇARI | N74: 35 | O74: OPERACIONAL | P74: 149 | Q74: FINANCIAMENTOS DE VEÍCULOS PESADOS - VP | R74: 61 | S74: C.D.C. - VP | T74: D | U74: 1 | V74: 1 | W74: 2026 | X74: 0 | Y74: 0 | Z74: 0.00000000000 | AA74: 0.00 | AB74: 0 | AC74: 0.000000 | AD74: -17725.04 | AE74: 0.00 | AF74: 2482 | AG74: =_xlfn.XLOOKUP(AF74,Planilha2!B:B,Planilha2!A:A,0,0) -> RPG-1D47 | AH74: FIN | AI74: 3 | AJ74: OPERACIONAL | AK74: 14 | AL74: 3 | AM74: L | AN74: ISABELA.SILVA | AO74: NULL | AP74: NULL | AQ74: 2022-07-14 00:00:00.000
A75: FIN | B75: REALIZADO | C75: 000011522ME0033 | D75: 69551 | E75: 1 | F75: FIN | G75: 2023-08-18 13:15:00.000 | H75: NULL | I75: 109 | J75: 21 | K75: TRANSFERÊNCIA URBANA - EMPURRADA | L75: 112 | M75: OPERALOG AMAZÔNIA - CAMAÇARI | N75: 35 | O75: OPERACIONAL | P75: 149 | Q75: FINANCIAMENTOS DE VEÍCULOS PESADOS - VP | R75: 61 | S75: C.D.C. - VP | T75: D | U75: 3 | V75: 1 | W75: 2026 | X75: 0 | Y75: 0 | Z75: 0.00000000000 | AA75: 0.00 | AB75: 0 | AC75: 0.000000 | AD75: -5540.83 | AE75: 0.00 | AF75: 618OP | AG75: =_xlfn.XLOOKUP(AF75,Planilha2!B:B,Planilha2!A:A,0,0) -> RPO-0J60 | AH75: FIN | AI75: 3 | AJ75: OPERACIONAL | AK75: 14 | AL75: 3 | AM75: L | AN75: ANA.PESSOA | AO75: NULL | AP75: NULL | AQ75: 2022-12-20 00:00:00.000
A76: FIN | B76: REALIZADO | C76: 000002088ME0043 | D76: 119473 | E76: 1 | F76: FIN | G76: 2026-01-23 12:45:00.000 | H76: NULL | I76: 19 | J76: 21 | K76: TRANSFERÊNCIA URBANA - EMPURRADA | L76: 112 | M76: OPERALOG AMAZÔNIA - CAMAÇARI | N76: 35 | O76: OPERACIONAL | P76: 149 | Q76: FINANCIAMENTOS DE VEÍCULOS PESADOS - VP | R76: 61 | S76: C.D.C. - VP | T76: D | U76: 3 | V76: 1 | W76: 2026 | X76: 0 | Y76: 0 | Z76: 0.00000000000 | AA76: 0.00 | AB76: 0 | AC76: 0.000000 | AD76: -25085.47 | AE76: 0.00 | AF76: 2484 | AG76: =_xlfn.XLOOKUP(AF76,Planilha2!B:B,Planilha2!A:A,0,0) -> RPG-2G75 | AH76: FIN | AI76: 3 | AJ76: OPERACIONAL | AK76: 14 | AL76: 3 | AM76: L | AN76: ISABELA.SILVA | AO76: NULL | AP76: NULL | AQ76: 2022-07-28 00:00:00.000
A77: FIN | B77: REALIZADO | C77: 000011432ME0035 | D77: 42128 | E77: 1 | F77: FIN | G77: 2026-05-27 11:12:00.000 | H77: NULL | I77: 19 | J77: 21 | K77: TRANSFERÊNCIA URBANA - EMPURRADA | L77: 112 | M77: OPERALOG AMAZÔNIA - CAMAÇARI | N77: 35 | O77: OPERACIONAL | P77: 149 | Q77: FINANCIAMENTOS DE VEÍCULOS PESADOS - VP | R77: 61 | S77: C.D.C. - VP | T77: D | U77: 6 | V77: 2 | W77: 2026 | X77: 0 | Y77: 0 | Z77: 0.00000000000 | AA77: 0.00 | AB77: 0 | AC77: 0.000000 | AD77: -21803.02 | AE77: 0.00 | AF77: 2554 | AG77: =_xlfn.XLOOKUP(AF77,Planilha2!B:B,Planilha2!A:A,0,0) -> RPH-1H43 | AH77: FIN | AI77: 3 | AJ77: OPERACIONAL | AK77: 14 | AL77: 3 | AM77: L | AN77: ISABELA.SILVA | AO77: NULL | AP77: NULL | AQ77: 2022-08-09 00:00:00.000
A78: FIN | B78: REALIZADO | C78: 000011432ME0037 | D78: 42128 | E78: 1 | F78: FIN | G78: 2026-07-30 08:12:00.000 | H78: NULL | I78: 19 | J78: 21 | K78: TRANSFERÊNCIA URBANA - EMPURRADA | L78: 112 | M78: OPERALOG AMAZÔNIA - CAMAÇARI | N78: 35 | O78: OPERACIONAL | P78: 149 | Q78: FINANCIAMENTOS DE VEÍCULOS PESADOS - VP | R78: 61 | S78: C.D.C. - VP | T78: D | U78: 8 | V78: 3 | W78: 2026 | X78: 0 | Y78: 0 | Z78: 0.00000000000 | AA78: 0.00 | AB78: 0 | AC78: 0.000000 | AD78: -21803.02 | AE78: 0.00 | AF78: 2554 | AG78: =_xlfn.XLOOKUP(AF78,Planilha2!B:B,Planilha2!A:A,0,0) -> RPH-1H43 | AH78: FIN | AI78: 3 | AJ78: OPERACIONAL | AK78: 14 | AL78: 3 | AM78: L | AN78: ISABELA.SILVA | AO78: NULL | AP78: NULL | AQ78: 2022-08-09 00:00:00.000
A79: FIN | B79: REALIZADO | C79: 000011206ME0037 | D79: 21009 | E79: 1 | F79: FIN | G79: 2026-01-29 17:18:00.000 | H79: NULL | I79: 12 | J79: 21 | K79: TRANSFERÊNCIA URBANA - EMPURRADA | L79: 112 | M79: OPERALOG AMAZÔNIA - CAMAÇARI | N79: 35 | O79: OPERACIONAL | P79: 149 | Q79: FINANCIAMENTOS DE VEÍCULOS PESADOS - VP | R79: 61 | S79: C.D.C. - VP | T79: D | U79: 2 | V79: 1 | W79: 2026 | X79: 0 | Y79: 0 | Z79: 0.00000000000 | AA79: 0.00 | AB79: 0 | AC79: 0.000000 | AD79: -17725.04 | AE79: 0.00 | AF79: 2474 | AG79: =_xlfn.XLOOKUP(AF79,Planilha2!B:B,Planilha2!A:A,0,0) -> RPG-2E53 | AH79: FIN | AI79: 3 | AJ79: OPERACIONAL | AK79: 14 | AL79: 3 | AM79: L | AN79: ISABELA.SILVA | AO79: NULL | AP79: NULL | AQ79: 2022-07-14 00:00:00.000
A80: FIN | B80: REALIZADO | C80: 000011304ME0039 | D80: 21009 | E80: 1 | F80: FIN | G80: 2026-04-01 11:23:00.000 | H80: NULL | I80: 12 | J80: 21 | K80: TRANSFERÊNCIA URBANA - EMPURRADA | L80: 112 | M80: OPERALOG AMAZÔNIA - CAMAÇARI | N80: 35 | O80: OPERACIONAL | P80: 149 | Q80: FINANCIAMENTOS DE VEÍCULOS PESADOS - VP | R80: 61 | S80: C.D.C. - VP | T80: D | U80: 4 | V80: 2 | W80: 2026 | X80: 0 | Y80: 0 | Z80: 0.00000000000 | AA80: 0.00 | AB80: 0 | AC80: 0.000000 | AD80: -17725.04 | AE80: 0.00 | AF80: 2428 | AG80: =_xlfn.XLOOKUP(AF80,Planilha2!B:B,Planilha2!A:A,0,0) -> RPG-8B78 | AH80: FIN | AI80: 3 | AJ80: OPERACIONAL | AK80: 14 | AL80: 3 | AM80: L | AN80: ISABELA.SILVA | AO80: NULL | AP80: NULL | AQ80: 2022-07-14 00:00:00.000
A81: FIN | B81: REALIZADO | C81: 000011304ME0042 | D81: 21009 | E81: 1 | F81: FIN | G81: 2026-06-30 09:55:00.000 | H81: NULL | I81: 12 | J81: 21 | K81: TRANSFERÊNCIA URBANA - EMPURRADA | L81: 112 | M81: OPERALOG AMAZÔNIA - CAMAÇARI | N81: 35 | O81: OPERACIONAL | P81: 149 | Q81: FINANCIAMENTOS DE VEÍCULOS PESADOS - VP | R81: 61 | S81: C.D.C. - VP | T81: D | U81: 7 | V81: 3 | W81: 2026 | X81: 0 | Y81: 0 | Z81: 0.00000000000 | AA81: 0.00 | AB81: 0 | AC81: 0.000000 | AD81: -17725.04 | AE81: 0.00 | AF81: 2428 | AG81: =_xlfn.XLOOKUP(AF81,Planilha2!B:B,Planilha2!A:A,0,0) -> RPG-8B78 | AH81: FIN | AI81: 3 | AJ81: OPERACIONAL | AK81: 14 | AL81: 3 | AM81: L | AN81: ISABELA.SILVA | AO81: NULL | AP81: NULL | AQ81: 2022-07-14 00:00:00.000
A82: FIN | B82: REALIZADO | C82: 000002088ME0048 | D82: 119473 | E82: 1 | F82: FIN | G82: 2026-07-23 17:11:00.000 | H82: NULL | I82: 19 | J82: 21 | K82: TRANSFERÊNCIA URBANA - EMPURRADA | L82: 112 | M82: OPERALOG AMAZÔNIA - CAMAÇARI | N82: 35 | O82: OPERACIONAL | P82: 149 | Q82: FINANCIAMENTOS DE VEÍCULOS PESADOS - VP | R82: 61 | S82: C.D.C. - VP | T82: D | U82: 8 | V82: 3 | W82: 2026 | X82: 0 | Y82: 0 | Z82: 0.00000000000 | AA82: 0.00 | AB82: 0 | AC82: 0.000000 | AD82: -25085.47 | AE82: 0.00 | AF82: 2490 | AG82: =_xlfn.XLOOKUP(AF82,Planilha2!B:B,Planilha2!A:A,0,0) -> RPG-3A89 | AH82: FIN | AI82: 3 | AJ82: OPERACIONAL | AK82: 14 | AL82: 3 | AM82: L | AN82: ISABELA.SILVA | AO82: NULL | AP82: NULL | AQ82: 2022-07-28 00:00:00.000
A83: FIN | B83: REALIZADO | C83: 000002088ME0048 | D83: 119473 | E83: 1 | F83: FIN | G83: 2026-07-23 17:11:00.000 | H83: NULL | I83: 19 | J83: 21 | K83: TRANSFERÊNCIA URBANA - EMPURRADA | L83: 112 | M83: OPERALOG AMAZÔNIA - CAMAÇARI | N83: 35 | O83: OPERACIONAL | P83: 149 | Q83: FINANCIAMENTOS DE VEÍCULOS PESADOS - VP | R83: 61 | S83: C.D.C. - VP | T83: D | U83: 8 | V83: 3 | W83: 2026 | X83: 0 | Y83: 0 | Z83: 0.00000000000 | AA83: 0.00 | AB83: 0 | AC83: 0.000000 | AD83: -25085.47 | AE83: 0.00 | AF83: 2486 | AG83: =_xlfn.XLOOKUP(AF83,Planilha2!B:B,Planilha2!A:A,0,0) -> RPG-0C44 | AH83: FIN | AI83: 3 | AJ83: OPERACIONAL | AK83: 14 | AL83: 3 | AM83: L | AN83: ISABELA.SILVA | AO83: NULL | AP83: NULL | AQ83: 2022-07-28 00:00:00.000
A84: FIN | B84: REALIZADO | C84: 000011210ME0039 | D84: 21009 | E84: 1 | F84: FIN | G84: 2026-04-01 15:47:00.000 | H84: NULL | I84: 12 | J84: 21 | K84: TRANSFERÊNCIA URBANA - EMPURRADA | L84: 112 | M84: OPERALOG AMAZÔNIA - CAMAÇARI | N84: 35 | O84: OPERACIONAL | P84: 149 | Q84: FINANCIAMENTOS DE VEÍCULOS PESADOS - VP | R84: 61 | S84: C.D.C. - VP | T84: D | U84: 4 | V84: 2 | W84: 2026 | X84: 0 | Y84: 0 | Z84: 0.00000000000 | AA84: 0.00 | AB84: 0 | AC84: 0.000000 | AD84: -17725.04 | AE84: 0.00 | AF84: 2482 | AG84: =_xlfn.XLOOKUP(AF84,Planilha2!B:B,Planilha2!A:A,0,0) -> RPG-1D47 | AH84: FIN | AI84: 3 | AJ84: OPERACIONAL | AK84: 14 | AL84: 3 | AM84: L | AN84: ISABELA.SILVA | AO84: NULL | AP84: NULL | AQ84: 2022-07-14 00:00:00.000
A85: FIN | B85: REALIZADO | C85: 000011432ME0031 | D85: 42128 | E85: 1 | F85: FIN | G85: 2026-01-29 12:03:00.000 | H85: NULL | I85: 19 | J85: 21 | K85: TRANSFERÊNCIA URBANA - EMPURRADA | L85: 112 | M85: OPERALOG AMAZÔNIA - CAMAÇARI | N85: 35 | O85: OPERACIONAL | P85: 149 | Q85: FINANCIAMENTOS DE VEÍCULOS PESADOS - VP | R85: 61 | S85: C.D.C. - VP | T85: D | U85: 2 | V85: 1 | W85: 2026 | X85: 0 | Y85: 0 | Z85: 0.00000000000 | AA85: 0.00 | AB85: 0 | AC85: 0.000000 | AD85: -21803.02 | AE85: 0.00 | AF85: 2554 | AG85: =_xlfn.XLOOKUP(AF85,Planilha2!B:B,Planilha2!A:A,0,0) -> RPH-1H43 | AH85: FIN | AI85: 3 | AJ85: OPERACIONAL | AK85: 14 | AL85: 3 | AM85: L | AN85: ISABELA.SILVA | AO85: NULL | AP85: NULL | AQ85: 2022-08-09 00:00:00.000
A86: FIN | B86: REALIZADO | C86: 000011432ME0034 | D86: 42128 | E86: 1 | F86: FIN | G86: 2026-04-30 13:19:00.000 | H86: NULL | I86: 19 | J86: 21 | K86: TRANSFERÊNCIA URBANA - EMPURRADA | L86: 112 | M86: OPERALOG AMAZÔNIA - CAMAÇARI | N86: 35 | O86: OPERACIONAL | P86: 149 | Q86: FINANCIAMENTOS DE VEÍCULOS PESADOS - VP | R86: 61 | S86: C.D.C. - VP | T86: D | U86: 5 | V86: 2 | W86: 2026 | X86: 0 | Y86: 0 | Z86: 0.00000000000 | AA86: 0.00 | AB86: 0 | AC86: 0.000000 | AD86: -21803.02 | AE86: 0.00 | AF86: 2554 | AG86: =_xlfn.XLOOKUP(AF86,Planilha2!B:B,Planilha2!A:A,0,0) -> RPH-1H43 | AH86: FIN | AI86: 3 | AJ86: OPERACIONAL | AK86: 14 | AL86: 3 | AM86: L | AN86: ISABELA.SILVA | AO86: NULL | AP86: NULL | AQ86: 2022-08-09 00:00:00.000
A87: FIN | B87: REALIZADO | C87: 000002088ME0046 | D87: 119473 | E87: 1 | F87: FIN | G87: 2026-05-26 16:41:00.000 | H87: NULL | I87: 19 | J87: 21 | K87: TRANSFERÊNCIA URBANA - EMPURRADA | L87: 112 | M87: OPERALOG AMAZÔNIA - CAMAÇARI | N87: 35 | O87: OPERACIONAL | P87: 149 | Q87: FINANCIAMENTOS DE VEÍCULOS PESADOS - VP | R87: 61 | S87: C.D.C. - VP | T87: D | U87: 6 | V87: 2 | W87: 2026 | X87: 0 | Y87: 0 | Z87: 0.00000000000 | AA87: 0.00 | AB87: 0 | AC87: 0.000000 | AD87: -25085.47 | AE87: 0.00 | AF87: 2484 | AG87: =_xlfn.XLOOKUP(AF87,Planilha2!B:B,Planilha2!A:A,0,0) -> RPG-2G75 | AH87: FIN | AI87: 3 | AJ87: OPERACIONAL | AK87: 14 | AL87: 3 | AM87: L | AN87: ISABELA.SILVA | AO87: NULL | AP87: NULL | AQ87: 2022-07-28 00:00:00.000
... A89: FIN | B89: REALIZADO | C89: 000002088ME0046 | D89: 119473 | E89: 1 | F89: FIN | G89: 2026-05-26 16:41:00.000 | H89: NULL | I89: 19 | J89: 21 | K89: TRANSFERÊNCIA URBANA - EMPURRADA | L89: 112 | M89: OPERALOG AMAZÔNIA - CAMAÇARI | N89: 35 | O89: OPERACIONAL | P89: 149 | Q89: FINANCIAMENTOS DE VEÍCULOS PESADOS - VP | R89: 61 | S89: C.D.C. - VP | T89: D | U89: 6 | V89: 2 | W89: 2026 | X89: 0 | Y89: 0 | Z89: 0.00000000000 | AA89: 0.00 | AB89: 0 | AC89: 0.000000 | AD89: -25085.47 | AE89: 0.00 | AF89: 2486 | AG89: =_xlfn.XLOOKUP(AF89,Planilha2!B:B,Planilha2!A:A,0,0) -> RPG-0C44 | AH89: FIN | AI89: 3 | AJ89: OPERACIONAL | AK89: 14 | AL89: 3 | AM89: L | AN89: ISABELA.SILVA | AO89: NULL | AP89: NULL | AQ89: 2022-07-28 00:00:00.000
A90: FIN | B90: REALIZADO | C90: 000011435ME0033 | D90: 69551 | E90: 1 | F90: FIN | G90: 2023-05-02 17:24:00.000 | H90: NULL | I90: 109 | J90: 21 | K90: TRANSFERÊNCIA URBANA - EMPURRADA | L90: 112 | M90: OPERALOG AMAZÔNIA - CAMAÇARI | N90: 35 | O90: OPERACIONAL | P90: 149 | Q90: FINANCIAMENTOS DE VEÍCULOS PESADOS - VP | R90: 61 | S90: C.D.C. - VP | T90: D | U90: 3 | V90: 1 | W90: 2026 | X90: 0 | Y90: 0 | Z90: 0.00000000000 | AA90: 0.00 | AB90: 0 | AC90: 0.000000 | AD90: -6772.13 | AE90: 0.00 | AF90: 617OP | AG90: =_xlfn.XLOOKUP(AF90,Planilha2!B:B,Planilha2!A:A,0,0) -> RPO-6D01 | AH90: FIN | AI90: 3 | AJ90: OPERACIONAL | AK90: 14 | AL90: 3 | AM90: L | AN90: SANDRA.OLIVEIRA | AO90: NULL | AP90: NULL | AQ90: 2022-12-20 00:00:00.000
A91: FIN | B91: REALIZADO | C91: 000011522ME0032 | D91: 69551 | E91: 1 | F91: FIN | G91: 2023-08-18 13:15:00.000 | H91: NULL | I91: 109 | J91: 21 | K91: TRANSFERÊNCIA URBANA - EMPURRADA | L91: 112 | M91: OPERALOG AMAZÔNIA - CAMAÇARI | N91: 35 | O91: OPERACIONAL | P91: 149 | Q91: FINANCIAMENTOS DE VEÍCULOS PESADOS - VP | R91: 61 | S91: C.D.C. - VP | T91: D | U91: 2 | V91: 1 | W91: 2026 | X91: 0 | Y91: 0 | Z91: 0.00000000000 | AA91: 0.00 | AB91: 0 | AC91: 0.000000 | AD91: -5540.83 | AE91: 0.00 | AF91: 618OP | AG91: =_xlfn.XLOOKUP(AF91,Planilha2!B:B,Planilha2!A:A,0,0) -> RPO-0J60 | AH91: FIN | AI91: 3 | AJ91: OPERACIONAL | AK91: 14 | AL91: 3 | AM91: L | AN91: ANA.PESSOA | AO91: NULL | AP91: NULL | AQ91: 2022-12-20 00:00:00.000
A92: FIN | B92: REALIZADO | C92: 000002088ME0048 | D92: 119473 | E92: 1 | F92: FIN | G92: 2026-07-23 17:11:00.000 | H92: NULL | I92: 19 | J92: 21 | K92: TRANSFERÊNCIA URBANA - EMPURRADA | L92: 112 | M92: OPERALOG AMAZÔNIA - CAMAÇARI | N92: 35 | O92: OPERACIONAL | P92: 149 | Q92: FINANCIAMENTOS DE VEÍCULOS PESADOS - VP | R92: 61 | S92: C.D.C. - VP | T92: D | U92: 8 | V92: 3 | W92: 2026 | X92: 0 | Y92: 0 | Z92: 0.00000000000 | AA92: 0.00 | AB92: 0 | AC92: 0.000000 | AD92: -25085.47 | AE92: 0.00 | AF92: 2484 | AG92: =_xlfn.XLOOKUP(AF92,Planilha2!B:B,Planilha2!A:A,0,0) -> RPG-2G75 | AH92: FIN | AI92: 3 | AJ92: OPERACIONAL | AK92: 14 | AL92: 3 | AM92: L | AN92: ISABELA.SILVA | AO92: NULL | AP92: NULL | AQ92: 2022-07-28 00:00:00.000
A93: FIN | B93: REALIZADO | C93: 000011518ME0032 | D93: 69551 | E93: 1 | F93: FIN | G93: 2023-08-16 17:23:00.000 | H93: NULL | I93: 109 | J93: 21 | K93: TRANSFERÊNCIA URBANA - EMPURRADA | L93: 112 | M93: OPERALOG AMAZÔNIA - CAMAÇARI | N93: 35 | O93: OPERACIONAL | P93: 149 | Q93: FINANCIAMENTOS DE VEÍCULOS PESADOS - VP | R93: 61 | S93: C.D.C. - VP | T93: D | U93: 4 | V93: 2 | W93: 2026 | X93: 0 | Y93: 0 | Z93: 0.00000000000 | AA93: 0.00 | AB93: 0 | AC93: 0.000000 | AD93: -22859.57 | AE93: 0.00 | AF93: 619OP | AG93: =_xlfn.XLOOKUP(AF93,Planilha2!B:B,Planilha2!A:A,0,0) -> RZW-6G32 | AH93: FIN | AI93: 3 | AJ93: OPERACIONAL | AK93: 14 | AL93: 3 | AM93: L | AN93: ANA.PESSOA | AO93: NULL | AP93: NULL | AQ93: 2023-02-13 00:00:00.000
A94: FIN | B94: REALIZADO | C94: 000011431ME0037 | D94: 42128 | E94: 1 | F94: FIN | G94: 2026-07-30 08:24:00.000 | H94: NULL | I94: 19 | J94: 21 | K94: TRANSFERÊNCIA URBANA - EMPURRADA | L94: 112 | M94: OPERALOG AMAZÔNIA - CAMAÇARI | N94: 35 | O94: OPERACIONAL | P94: 149 | Q94: FINANCIAMENTOS DE VEÍCULOS PESADOS - VP | R94: 61 | S94: C.D.C. - VP | T94: D | U94: 8 | V94: 3 | W94: 2026 | X94: 0 | Y94: 0 | Z94: 0.00000000000 | AA94: 0.00 | AB94: 0 | AC94: 0.000000 | AD94: -5450.755 | AE94: 0.00 | AF94: 2534 | AG94: =_xlfn.XLOOKUP(AF94,Planilha2!B:B,Planilha2!A:A,0,0) -> RPH-9E62 | AH94: FIN | AI94: 3 | AJ94: OPERACIONAL | AK94: 14 | AL94: 3 | AM94: L | AN94: ISABELA.SILVA | AO94: NULL | AP94: NULL | AQ94: 2022-08-09 00:00:00.000
A95: FIN | B95: REALIZADO | C95: 000011433ME0032 | D95: 42128 | E95: 1 | F95: FIN | G95: 2026-03-03 13:22:00.000 | H95: NULL | I95: 19 | J95: 21 | K95: TRANSFERÊNCIA URBANA - EMPURRADA | L95: 112 | M95: OPERALOG AMAZÔNIA - CAMAÇARI | N95: 35 | O95: OPERACIONAL | P95: 149 | Q95: FINANCIAMENTOS DE VEÍCULOS PESADOS - VP | R95: 61 | S95: C.D.C. - VP | T95: D | U95: 3 | V95: 1 | W95: 2026 | X95: 0 | Y95: 0 | Z95: 0.00000000000 | AA95: 0.00 | AB95: 0 | AC95: 0.000000 | AD95: -21803.02 | AE95: 0.00 | AF95: 2570 | AG95: =_xlfn.XLOOKUP(AF95,Planilha2!B:B,Planilha2!A:A,0,0) -> RPH-8F00 | AH95: FIN | AI95: 3 | AJ95: OPERACIONAL | AK95: 14 | AL95: 3 | AM95: L | AN95: ISABELA.SILVA | AO95: NULL | AP95: NULL | AQ95: 2022-08-09 00:00:00.000
A96: FIN | B96: REALIZADO | C96: 000011433ME0032 | D96: 42128 | E96: 1 | F96: FIN | G96: 2026-03-03 13:22:00.000 | H96: NULL | I96: 19 | J96: 21 | K96: TRANSFERÊNCIA URBANA - EMPURRADA | L96: 112 | M96: OPERALOG AMAZÔNIA - CAMAÇARI | N96: 35 | O96: OPERACIONAL | P96: 149 | Q96: FINANCIAMENTOS DE VEÍCULOS PESADOS - VP | R96: 61 | S96: C.D.C. - VP | T96: D | U96: 3 | V96: 1 | W96: 2026 | X96: 0 | Y96: 0 | Z96: 0.00000000000 | AA96: 0.00 | AB96: 0 | AC96: 0.000000 | AD96: -21803.02 | AE96: 0.00 | AF96: 2568 | AG96: =_xlfn.XLOOKUP(AF96,Planilha2!B:B,Planilha2!A:A,0,0) -> RPH-6E45 | AH96: FIN | AI96: 3 | AJ96: OPERACIONAL | AK96: 14 | AL96: 3 | AM96: L | AN96: ISABELA.SILVA | AO96: NULL | AP96: NULL | AQ96: 2022-08-09 00:00:00.000
A97: FIN | B97: REALIZADO | C97: 000011433ME0032 | D97: 42128 | E97: 1 | F97: FIN | G97: 2026-03-03 13:22:00.000 | H97: NULL | I97: 19 | J97: 21 | K97: TRANSFERÊNCIA URBANA - EMPURRADA | L97: 112 | M97: OPERALOG AMAZÔNIA - CAMAÇARI | N97: 35 | O97: OPERACIONAL | P97: 149 | Q97: FINANCIAMENTOS DE VEÍCULOS PESADOS - VP | R97: 61 | S97: C.D.C. - VP | T97: D | U97: 3 | V97: 1 | W97: 2026 | X97: 0 | Y97: 0 | Z97: 0.00000000000 | AA97: 0.00 | AB97: 0 | AC97: 0.000000 | AD97: -21803.02 | AE97: 0.00 | AF97: 2564 | AG97: =_xlfn.XLOOKUP(AF97,Planilha2!B:B,Planilha2!A:A,0,0) -> RPH-5I87 | AH97: FIN | AI97: 3 | AJ97: OPERACIONAL | AK97: 14 | AL97: 3 | AM97: L | AN97: ISABELA.SILVA | AO97: NULL | AP97: NULL | AQ97: 2022-08-09 00:00:00.000
A98: FIN | B98: REALIZADO | C98: 000011433ME0032 | D98: 42128 | E98: 1 | F98: FIN | G98: 2026-03-03 13:22:00.000 | H98: NULL | I98: 19 | J98: 21 | K98: TRANSFERÊNCIA URBANA - EMPURRADA | L98: 112 | M98: OPERALOG AMAZÔNIA - CAMAÇARI | N98: 35 | O98: OPERACIONAL | P98: 149 | Q98: FINANCIAMENTOS DE VEÍCULOS PESADOS - VP | R98: 61 | S98: C.D.C. - VP | T98: D | U98: 3 | V98: 1 | W98: 2026 | X98: 0 | Y98: 0 | Z98: 0.00000000000 | AA98: 0.00 | AB98: 0 | AC98: 0.000000 | AD98: -21803.02 | AE98: 0.00 | AF98: 2566 | AG98: =_xlfn.XLOOKUP(AF98,Planilha2!B:B,Planilha2!A:A,0,0) -> RPH-5I01 | AH98: FIN | AI98: 3 | AJ98: OPERACIONAL | AK98: 14 | AL98: 3 | AM98: L | AN98: ISABELA.SILVA | AO98: NULL | AP98: NULL | AQ98: 2022-08-09 00:00:00.000
A99: FIN | B99: REALIZADO | C99: 000002088ME0049 | D99: 119473 | E99: 1 | F99: FIN | G99: 2026-08-21 10:52:00.000 | H99: NULL | I99: 19 | J99: 21 | K99: TRANSFERÊNCIA URBANA - EMPURRADA | L99: 112 | M99: OPERALOG AMAZÔNIA - CAMAÇARI | N99: 35 | O99: OPERACIONAL | P99: 149 | Q99: FINANCIAMENTOS DE VEÍCULOS PESADOS - VP | R99: 61 | S99: C.D.C. - VP | T99: D | U99: 9 | V99: 3 | W99: 2026 | X99: 0 | Y99: 0 | Z99: 0.00000000000 | AA99: 0.00 | AB99: 0 | AC99: 0.000000 | AD99: -25085.47 | AE99: 0.00 | AF99: 2490 | AG99: =_xlfn.XLOOKUP(AF99,Planilha2!B:B,Planilha2!A:A,0,0) -> RPG-3A89 | AH99: FIN | AI99: 3 | AJ99: OPERACIONAL | AK99: 14 | AL99: 3 | AM99: L | AN99: ISABELA.SILVA | AO99: NULL | AP99: NULL | AQ99: 2022-07-28 00:00:00.000
A100: FIN | B100: REALIZADO | C100: 000002057ME0040 | D100: 42128 | E100: 1 | F100: FIN | G100: 2026-01-29 11:21:00.000 | H100: NULL | I100: 27 | J100: 21 | K100: TRANSFERÊNCIA URBANA - EMPURRADA | L100: 112 | M100: OPERALOG AMAZÔNIA - CAMAÇARI | N100: 35 | O100: OPERACIONAL | P100: 149 | Q100: FINANCIAMENTOS DE VEÍCULOS PESADOS - VP | R100: 61 | S100: C.D.C. - VP | T100: D | U100: 2 | V100: 1 | W100: 2026 | X100: 0 | Y100: 0 | Z100: 0.00000000000 | AA100: 0.00 | AB100: 0 | AC100: 0.000000 | AD100: -5691.77 | AE100: 0.00 | AF100: 2123 | AG100: =_xlfn.XLOOKUP(AF100,Planilha2!B:B,Planilha2!A:A,0,0) -> RZM-0H21 | AH100: FIN | AI100: 3 | AJ100: OPERACIONAL | AK100: 14 | AL100: 3 | AM100: L | AN100: ISABELA.SILVA | AO100: NULL | AP100: NULL | AQ100: 2022-05-06 00:00:00.000
A101: FIN | B101: REALIZADO | C101: 000002058ME0039 | D101: 42128 | E101: 1 | F101: FIN | G101: 2026-01-07 15:34:00.000 | H101: NULL | I101: 27 | J101: 21 | K101: TRANSFERÊNCIA URBANA - EMPURRADA | L101: 112 | M101: OPERALOG AMAZÔNIA - CAMAÇARI | N101: 35 | O101: OPERACIONAL | P101: 149 | Q101: FINANCIAMENTOS DE VEÍCULOS PESADOS - VP | R101: 61 | S101: C.D.C. - VP | T101: D | U101: 1 | V101: 1 | W101: 2026 | X101: 0 | Y101: 0 | Z101: 0.00000000000 | AA101: 0.00 | AB101: 0 | AC101: 0.000000 | AD101: -5691.77 | AE101: 0.00 | AF101: 2127 | AG101: =_xlfn.XLOOKUP(AF101,Planilha2!B:B,Planilha2!A:A,0,0) -> RZM-0J21 | AH101: FIN | AI101: 3 | AJ101: OPERACIONAL | AK101: 14 | AL101: 3 | AM101: L | AN101: ISABELA.SILVA | AO101: NULL | AP101: NULL | AQ101: 2022-05-06 00:00:00.000
A102: FIN | B102: REALIZADO | C102: 000002057ME0046 | D102: 42128 | E102: 1 | F102: FIN | G102: 2026-07-29 11:02:00.000 | H102: NULL | I102: 27 | J102: 21 | K102: TRANSFERÊNCIA URBANA - EMPURRADA | L102: 112 | M102: OPERALOG AMAZÔNIA - CAMAÇARI | N102: 35 | O102: OPERACIONAL | P102: 149 | Q102: FINANCIAMENTOS DE VEÍCULOS PESADOS - VP | R102: 61 | S102: C.D.C. - VP | T102: D | U102: 8 | V102: 3 | W102: 2026 | X102: 0 | Y102: 0 | Z102: 0.00000000000 | AA102: 0.00 | AB102: 0 | AC102: 0.000000 | AD102: -5691.77 | AE102: 0.00 | AF102: 2123 | AG102: =_xlfn.XLOOKUP(AF102,Planilha2!B:B,Planilha2!A:A,0,0) -> RZM-0H21 | AH102: FIN | AI102: 3 | AJ102: OPERACIONAL | AK102: 14 | AL102: 3 | AM102: L | AN102: ISABELA.SILVA | AO102: NULL | AP102: NULL | AQ102: 2022-05-06 00:00:00.000
A103: FIN | B103: REALIZADO | C103: 000002058ME0047 | D103: 42128 | E103: 1 | F103: FIN | G103: 2022-07-11 16:16:00.000 | H103: NULL | I103: 27 | J103: 21 | K103: TRANSFERÊNCIA URBANA - EMPURRADA | L103: 112 | M103: OPERALOG AMAZÔNIA - CAMAÇARI | N103: 35 | O103: OPERACIONAL | P103: 149 | Q103: FINANCIAMENTOS DE VEÍCULOS PESADOS - VP | R103: 61 | S103: C.D.C. - VP | T103: D | U103: 9 | V103: 3 | W103: 2026 | X103: 0 | Y103: 0 | Z103: 0.00000000000 | AA103: 0.00 | AB103: 0 | AC103: 0.000000 | AD103: -5691.77 | AE103: 0.00 | AF103: 2131 | AG103: =_xlfn.XLOOKUP(AF103,Planilha2!B:B,Planilha2!A:A,0,0) -> RZM-0E71 | AH103: FIN | AI103: 3 | AJ103: OPERACIONAL | AK103: 14 | AL103: 3 | AM103: L | AN103: SANDRA.OLIVEIRA | AO103: NULL | AP103: NULL | AQ103: 2022-05-06 00:00:00.000
A104: FIN | B104: REALIZADO | C104: 000002058ME0039 | D104: 42128 | E104: 1 | F104: FIN | G104: 2026-01-07 15:34:00.000 | H104: NULL | I104: 27 | J104: 21 | K104: TRANSFERÊNCIA URBANA - EMPURRADA | L104: 112 | M104: OPERALOG AMAZÔNIA - CAMAÇARI | N104: 35 | O104: OPERACIONAL | P104: 149 | Q104: FINANCIAMENTOS DE VEÍCULOS PESADOS - VP | R104: 61 | S104: C.D.C. - VP | T104: D | U104: 1 | V104: 1 | W104: 2026 | X104: 0 | Y104: 0 | Z104: 0.00000000000 | AA104: 0.00 | AB104: 0 | AC104: 0.000000 | AD104: -5691.77 | AE104: 0.00 | AF104: 2125 | AG104: =_xlfn.XLOOKUP(AF104,Planilha2!B:B,Planilha2!A:A,0,0) -> RZM-0D41 | AH104: FIN | AI104: 3 | AJ104: OPERACIONAL | AK104: 14 | AL104: 3 | AM104: L | AN104: ISABELA.SILVA | AO104: NULL | AP104: NULL | AQ104: 2022-05-06 00:00:00.000
A105: FIN | B105: REALIZADO | C105: 000002058ME0042 | D105: 42128 | E105: 1 | F105: FIN | G105: 2026-03-26 17:06:00.000 | H105: NULL | I105: 27 | J105: 21 | K105: TRANSFERÊNCIA URBANA - EMPURRADA | L105: 112 | M105: OPERALOG AMAZÔNIA - CAMAÇARI | N105: 35 | O105: OPERACIONAL | P105: 149 | Q105: FINANCIAMENTOS DE VEÍCULOS PESADOS - VP | R105: 61 | S105: C.D.C. - VP | T105: D | U105: 4 | V105: 2 | W105: 2026 | X105: 0 | Y105: 0 | Z105: 0.00000000000 | AA105: 0.00 | AB105: 0 | AC105: 0.000000 | AD105: -5691.77 | AE105: 0.00 | AF105: 2131 | AG105: =_xlfn.XLOOKUP(AF105,Planilha2!B:B,Planilha2!A:A,0,0) -> RZM-0E71 | AH105: FIN | AI105: 3 | AJ105: OPERACIONAL | AK105: 14 | AL105: 3 | AM105: L | AN105: ISABELA.SILVA | AO105: NULL | AP105: NULL | AQ105: 2022-05-06 00:00:00.000
... A114: FIN | B114: REALIZADO | C114: 000002088ME0049 | D114: 119473 | E114: 1 | F114: FIN | G114: 2026-08-21 10:52:00.000 | H114: NULL | I114: 19 | J114: 21 | K114: TRANSFERÊNCIA URBANA - EMPURRADA | L114: 112 | M114: OPERALOG AMAZÔNIA - CAMAÇARI | N114: 35 | O114: OPERACIONAL | P114: 149 | Q114: FINANCIAMENTOS DE VEÍCULOS PESADOS - VP | R114: 61 | S114: C.D.C. - VP | T114: D | U114: 9 | V114: 3 | W114: 2026 | X114: 0 | Y114: 0 | Z114: 0.00000000000 | AA114: 0.00 | AB114: 0 | AC114: 0.000000 | AD114: -25085.47 | AE114: 0.00 | AF114: 2484 | AG114: =_xlfn.XLOOKUP(AF114,Planilha2!B:B,Planilha2!A:A,0,0) -> RPG-2G75 | AH114: FIN | AI114: 3 | AJ114: OPERACIONAL | AK114: 14 | AL114: 3 | AM114: L | AN114: ISABELA.SILVA | AO114: NULL | AP114: NULL | AQ114: 2022-07-28 00:00:00.000
A115: FIN | B115: REALIZADO | C115: 000011518ME0035 | D115: 69551 | E115: 1 | F115: FIN | G115: 2023-08-16 17:23:00.000 | H115: NULL | I115: 109 | J115: 21 | K115: TRANSFERÊNCIA URBANA - EMPURRADA | L115: 112 | M115: OPERALOG AMAZÔNIA - CAMAÇARI | N115: 35 | O115: OPERACIONAL | P115: 149 | Q115: FINANCIAMENTOS DE VEÍCULOS PESADOS - VP | R115: 61 | S115: C.D.C. - VP | T115: D | U115: 7 | V115: 3 | W115: 2026 | X115: 0 | Y115: 0 | Z115: 0.00000000000 | AA115: 0.00 | AB115: 0 | AC115: 0.000000 | AD115: -22859.57 | AE115: 0.00 | AF115: 619OP | AG115: =_xlfn.XLOOKUP(AF115,Planilha2!B:B,Planilha2!A:A,0,0) -> RZW-6G32 | AH115: FIN | AI115: 3 | AJ115: OPERACIONAL | AK115: 14 | AL115: 3 | AM115: L | AN115: ANA.PESSOA | AO115: NULL | AP115: NULL | AQ115: 2023-02-13 00:00:00.000
A116: FIN | B116: REALIZADO | C116: 000011203ME0043 | D116: 21009 | E116: 1 | F116: FIN | G116: 2026-07-31 09:27:00.000 | H116: NULL | I116: 12 | J116: 21 | K116: TRANSFERÊNCIA URBANA - EMPURRADA | L116: 112 | M116: OPERALOG AMAZÔNIA - CAMAÇARI | N116: 35 | O116: OPERACIONAL | P116: 149 | Q116: FINANCIAMENTOS DE VEÍCULOS PESADOS - VP | R116: 61 | S116: C.D.C. - VP | T116: D | U116: 8 | V116: 3 | W116: 2026 | X116: 0 | Y116: 0 | Z116: 0.00000000000 | AA116: 0.00 | AB116: 0 | AC116: 0.000000 | AD116: -17725.04 | AE116: 0.00 | AF116: 2470 | AG116: =_xlfn.XLOOKUP(AF116,Planilha2!B:B,Planilha2!A:A,0,0) -> RPG-5B20 | AH116: FIN | AI116: 3 | AJ116: OPERACIONAL | AK116: 14 | AL116: 3 | AM116: L | AN116: ISABELA.SILVA | AO116: NULL | AP116: NULL | AQ116: 2022-07-14 00:00:00.000
A117: FIN | B117: REALIZADO | C117: 000011206ME0036 | D117: 21009 | E117: 1 | F117: FIN | G117: 2026-01-08 16:47:00.000 | H117: NULL | I117: 12 | J117: 21 | K117: TRANSFERÊNCIA URBANA - EMPURRADA | L117: 112 | M117: OPERALOG AMAZÔNIA - CAMAÇARI | N117: 35 | O117: OPERACIONAL | P117: 149 | Q117: FINANCIAMENTOS DE VEÍCULOS PESADOS - VP | R117: 61 | S117: C.D.C. - VP | T117: D | U117: 1 | V117: 1 | W117: 2026 | X117: 0 | Y117: 0 | Z117: 0.00000000000 | AA117: 0.00 | AB117: 0 | AC117: 0.000000 | AD117: -17725.04 | AE117: 0.00 | AF117: 2474 | AG117: =_xlfn.XLOOKUP(AF117,Planilha2!B:B,Planilha2!A:A,0,0) -> RPG-2E53 | AH117: FIN | AI117: 3 | AJ117: OPERACIONAL | AK117: 14 | AL117: 3 | AM117: L | AN117: ISABELA.SILVA | AO117: NULL | AP117: NULL | AQ117: 2022-07-14 00:00:00.000
A118: FIN | B118: REALIZADO | C118: 000011207ME0037 | D118: 21009 | E118: 1 | F118: FIN | G118: 2026-01-29 17:17:00.000 | H118: NULL | I118: 12 | J118: 21 | K118: TRANSFERÊNCIA URBANA - EMPURRADA | L118: 112 | M118: OPERALOG AMAZÔNIA - CAMAÇARI | N118: 35 | O118: OPERACIONAL | P118: 149 | Q118: FINANCIAMENTOS DE VEÍCULOS PESADOS - VP | R118: 61 | S118: C.D.C. - VP | T118: D | U118: 2 | V118: 1 | W118: 2026 | X118: 0 | Y118: 0 | Z118: 0.00000000000 | AA118: 0.00 | AB118: 0 | AC118: 0.000000 | AD118: -17725.04 | AE118: 0.00 | AF118: 2472 | AG118: =_xlfn.XLOOKUP(AF118,Planilha2!B:B,Planilha2!A:A,0,0) -> RPG-4D60 | AH118: FIN | AI118: 3 | AJ118: OPERACIONAL | AK118: 14 | AL118: 3 | AM118: L | AN118: ISABELA.SILVA | AO118: NULL | AP118: NULL | AQ118: 2022-07-14 00:00:00.000
A119: FIN | B119: REALIZADO | C119: 000011213ME0040 | D119: 21009 | E119: 1 | F119: FIN | G119: 2026-05-05 13:09:00.000 | H119: NULL | I119: 12 | J119: 21 | K119: TRANSFERÊNCIA URBANA - EMPURRADA | L119: 112 | M119: OPERALOG AMAZÔNIA - CAMAÇARI | N119: 35 | O119: OPERACIONAL | P119: 149 | Q119: FINANCIAMENTOS DE VEÍCULOS PESADOS - VP | R119: 61 | S119: C.D.C. - VP | T119: D | U119: 5 | V119: 2 | W119: 2026 | X119: 0 | Y119: 0 | Z119: 0.00000000000 | AA119: 0.00 | AB119: 0 | AC119: 0.000000 | AD119: -17725.04 | AE119: 0.00 | AF119: 2476 | AG119: =_xlfn.XLOOKUP(AF119,Planilha2!B:B,Planilha2!A:A,0,0) -> RPG-1B56 | AH119: FIN | AI119: 3 | AJ119: OPERACIONAL | AK119: 14 | AL119: 3 | AM119: L | AN119: ISABELA.SILVA | AO119: NULL | AP119: NULL | AQ119: 2022-07-14 00:00:00.000
A120: FIN | B120: REALIZADO | C120: 000002088ME0045 | D120: 119473 | E120: 1 | F120: FIN | G120: 2026-04-28 14:58:00.000 | H120: NULL | I120: 19 | J120: 21 | K120: TRANSFERÊNCIA URBANA - EMPURRADA | L120: 112 | M120: OPERALOG AMAZÔNIA - CAMAÇARI | N120: 35 | O120: OPERACIONAL | P120: 149 | Q120: FINANCIAMENTOS DE VEÍCULOS PESADOS - VP | R120: 61 | S120: C.D.C. - VP | T120: D | U120: 5 | V120: 2 | W120: 2026 | X120: 0 | Y120: 0 | Z120: 0.00000000000 | AA120: 0.00 | AB120: 0 | AC120: 0.000000 | AD120: -25085.47 | AE120: 0.00 | AF120: 2484 | AG120: =_xlfn.XLOOKUP(AF120,Planilha2!B:B,Planilha2!A:A,0,0) -> RPG-2G75 | AH120: FIN | AI120: 3 | AJ120: OPERACIONAL | AK120: 14 | AL120: 3 | AM120: L | AN120: ISABELA.SILVA | AO120: NULL | AP120: NULL | AQ120: 2022-07-28 00:00:00.000
A121: FIN | B121: REALIZADO | C121: 000002088ME0045 | D121: 119473 | E121: 1 | F121: FIN | G121: 2026-04-28 14:58:00.000 | H121: NULL | I121: 19 | J121: 21 | K121: TRANSFERÊNCIA URBANA - EMPURRADA | L121: 112 | M121: OPERALOG AMAZÔNIA - CAMAÇARI | N121: 35 | O121: OPERACIONAL | P121: 149 | Q121: FINANCIAMENTOS DE VEÍCULOS PESADOS - VP | R121: 61 | S121: C.D.C. - VP | T121: D | U121: 5 | V121: 2 | W121: 2026 | X121: 0 | Y121: 0 | Z121: 0.00000000000 | AA121: 0.00 | AB121: 0 | AC121: 0.000000 | AD121: -25085.47 | AE121: 0.00 | AF121: 2490 | AG121: =_xlfn.XLOOKUP(AF121,Planilha2!B:B,Planilha2!A:A,0,0) -> RPG-3A89 | AH121: FIN | AI121: 3 | AJ121: OPERACIONAL | AK121: 14 | AL121: 3 | AM121: L | AN121: ISABELA.SILVA | AO121: NULL | AP121: NULL | AQ121: 2022-07-28 00:00:00.000
A122: FIN | B122: REALIZADO | C122: 000002088ME0047 | D122: 119473 | E122: 1 | F122: FIN | G122: 2026-06-19 16:39:00.000 | H122: NULL | I122: 19 | J122: 21 | K122: TRANSFERÊNCIA URBANA - EMPURRADA | L122: 112 | M122: OPERALOG AMAZÔNIA - CAMAÇARI | N122: 35 | O122: OPERACIONAL | P122: 149 | Q122: FINANCIAMENTOS DE VEÍCULOS PESADOS - VP | R122: 61 | S122: C.D.C. - VP | T122: D | U122: 7 | V122: 3 | W122: 2026 | X122: 0 | Y122: 0 | Z122: 0.00000000000 | AA122: 0.00 | AB122: 0 | AC122: 0.000000 | AD122: -25085.47 | AE122: 0.00 | AF122: 2490 | AG122: =_xlfn.XLOOKUP(AF122,Planilha2!B:B,Planilha2!A:A,0,0) -> RPG-3A89 | AH122: FIN | AI122: 3 | AJ122: OPERACIONAL | AK122: 14 | AL122: 3 | AM122: L | AN122: ISABELA.SILVA | AO122: NULL | AP122: NULL | AQ122: 2022-07-28 00:00:00.000
A123: FIN | B123: REALIZADO | C123: 000011433ME0030 | D123: 42128 | E123: 1 | F123: FIN | G123: 2026-01-07 15:55:00.000 | H123: NULL | I123: 19 | J123: 21 | K123: TRANSFERÊNCIA URBANA - EMPURRADA | L123: 112 | M123: OPERALOG AMAZÔNIA - CAMAÇARI | N123: 35 | O123: OPERACIONAL | P123: 149 | Q123: FINANCIAMENTOS DE VEÍCULOS PESADOS - VP | R123: 61 | S123: C.D.C. - VP | T123: D | U123: 1 | V123: 1 | W123: 2026 | X123: 0 | Y123: 0 | Z123: 0.00000000000 | AA123: 0.00 | AB123: 0 | AC123: 0.000000 | AD123: -21803.02 | AE123: 0.00 | AF123: 2570 | AG123: =_xlfn.XLOOKUP(AF123,Planilha2!B:B,Planilha2!A:A,0,0) -> RPH-8F00 | AH123: FIN | AI123: 3 | AJ123: OPERACIONAL | AK123: 14 | AL123: 3 | AM123: L | AN123: ISABELA.SILVA | AO123: NULL | AP123: NULL | AQ123: 2022-08-09 00:00:00.000
A124: FIN | B124: REALIZADO | C124: 000011433ME0030 | D124: 42128 | E124: 1 | F124: FIN | G124: 2026-01-07 15:55:00.000 | H124: NULL | I124: 19 | J124: 21 | K124: TRANSFERÊNCIA URBANA - EMPURRADA | L124: 112 | M124: OPERALOG AMAZÔNIA - CAMAÇARI | N124: 35 | O124: OPERACIONAL | P124: 149 | Q124: FINANCIAMENTOS DE VEÍCULOS PESADOS - VP | R124: 61 | S124: C.D.C. - VP | T124: D | U124: 1 | V124: 1 | W124: 2026 | X124: 0 | Y124: 0 | Z124: 0.00000000000 | AA124: 0.00 | AB124: 0 | AC124: 0.000000 | AD124: -21803.02 | AE124: 0.00 | AF124: 2566 | AG124: =_xlfn.XLOOKUP(AF124,Planilha2!B:B,Planilha2!A:A,0,0) -> RPH-5I01 | AH124: FIN | AI124: 3 | AJ124: OPERACIONAL | AK124: 14 | AL124: 3 | AM124: L | AN124: ISABELA.SILVA | AO124: NULL | AP124: NULL | AQ124: 2022-08-09 00:00:00.000
A125: FIN | B125: REALIZADO | C125: 000002088ME0049 | D125: 119473 | E125: 1 | F125: FIN | G125: 2026-08-21 10:52:00.000 | H125: NULL | I125: 19 | J125: 21 | K125: TRANSFERÊNCIA URBANA - EMPURRADA | L125: 112 | M125: OPERALOG AMAZÔNIA - CAMAÇARI | N125: 35 | O125: OPERACIONAL | P125: 149 | Q125: FINANCIAMENTOS DE VEÍCULOS PESADOS - VP | R125: 61 | S125: C.D.C. - VP | T125: D | U125: 9 | V125: 3 | W125: 2026 | X125: 0 | Y125: 0 | Z125: 0.00000000000 | AA125: 0.00 | AB125: 0 | AC125: 0.000000 | AD125: -25085.47 | AE125: 0.00 | AF125: 2486 | AG125: =_xlfn.XLOOKUP(AF125,Planilha2!B:B,Planilha2!A:A,0,0) -> RPG-0C44 | AH125: FIN | AI125: 3 | AJ125: OPERACIONAL | AK125: 14 | AL125: 3 | AM125: L | AN125: ISABELA.SILVA | AO125: NULL | AP125: NULL | AQ125: 2022-07-28 00:00:00.000
A126: FIN | B126: REALIZADO | C126: 000011433ME0034 | D126: 42128 | E126: 1 | F126: FIN | G126: 2026-04-30 13:23:00.000 | H126: NULL | I126: 19 | J126: 21 | K126: TRANSFERÊNCIA URBANA - EMPURRADA | L126: 112 | M126: OPERALOG AMAZÔNIA - CAMAÇARI | N126: 35 | O126: OPERACIONAL | P126: 149 | Q126: FINANCIAMENTOS DE VEÍCULOS PESADOS - VP | R126: 61 | S126: C.D.C. - VP | T126: D | U126: 5 | V126: 2 | W126: 2026 | X126: 0 | Y126: 0 | Z126: 0.00000000000 | AA126: 0.00 | AB126: 0 | AC126: 0.000000 | AD126: -21803.02 | AE126: 0.00 | AF126: 2566 | AG126: =_xlfn.XLOOKUP(AF126,Planilha2!B:B,Planilha2!A:A,0,0) -> RPH-5I01 | AH126: FIN | AI126: 3 | AJ126: OPERACIONAL | AK126: 14 | AL126: 3 | AM126: L | AN126: ISABELA.SILVA | AO126: NULL | AP126: NULL | AQ126: 2022-08-09 00:00:00.000
A127: FIN | B127: REALIZADO | C127: 000011433ME0036 | D127: 42128 | E127: 1 | F127: FIN | G127: 2026-07-01 09:58:00.000 | H127: NULL | I127: 19 | J127: 21 | K127: TRANSFERÊNCIA URBANA - EMPURRADA | L127: 112 | M127: OPERALOG AMAZÔNIA - CAMAÇARI | N127: 35 | O127: OPERACIONAL | P127: 149 | Q127: FINANCIAMENTOS DE VEÍCULOS PESADOS - VP | R127: 61 | S127: C.D.C. - VP | T127: D | U127: 7 | V127: 3 | W127: 2026 | X127: 0 | Y127: 0 | Z127: 0.00000000000 | AA127: 0.00 | AB127: 0 | AC127: 0.000000 | AD127: -21803.02 | AE127: 0.00 | AF127: 2564 | AG127: =_xlfn.XLOOKUP(AF127,Planilha2!B:B,Planilha2!A:A,0,0) -> RPH-5I87 | AH127: FIN | AI127: 3 | AJ127: OPERACIONAL | AK127: 14 | AL127: 3 | AM127: L | AN127: ISABELA.SILVA | AO127: NULL | AP127: NULL | AQ127: 2022-08-09 00:00:00.000
... A144: FIN | B144: REALIZADO | C144: 000011209ME0037 | D144: 21009 | E144: 1 | F144: FIN | G144: 2026-01-29 17:15:00.000 | H144: NULL | I144: 12 | J144: 21 | K144: TRANSFERÊNCIA URBANA - EMPURRADA | L144: 112 | M144: OPERALOG AMAZÔNIA - CAMAÇARI | N144: 35 | O144: OPERACIONAL | P144: 149 | Q144: FINANCIAMENTOS DE VEÍCULOS PESADOS - VP | R144: 61 | S144: C.D.C. - VP | T144: D | U144: 2 | V144: 1 | W144: 2026 | X144: 0 | Y144: 0 | Z144: 0.00000000000 | AA144: 0.00 | AB144: 0 | AC144: 0.000000 | AD144: -17725.04 | AE144: 0.00 | AF144: 2468 | AG144: =_xlfn.XLOOKUP(AF144,Planilha2!B:B,Planilha2!A:A,0,0) -> RPG-9B10 | AH144: FIN | AI144: 3 | AJ144: OPERACIONAL | AK144: 14 | AL144: 3 | AM144: L | AN144: ISABELA.SILVA | AO144: NULL | AP144: NULL | AQ144: 2022-07-14 00:00:00.000
A145: FIN | B145: REALIZADO | C145: 000011522ME0038 | D145: 69551 | E145: 1 | F145: FIN | G145: 2023-08-18 13:15:00.000 | H145: NULL | I145: 109 | J145: 21 | K145: TRANSFERÊNCIA URBANA - EMPURRADA | L145: 112 | M145: OPERALOG AMAZÔNIA - CAMAÇARI | N145: 35 | O145: OPERACIONAL | P145: 149 | Q145: FINANCIAMENTOS DE VEÍCULOS PESADOS - VP | R145: 61 | S145: C.D.C. - VP | T145: D | U145: 8 | V145: 3 | W145: 2026 | X145: 0 | Y145: 0 | Z145: 0.00000000000 | AA145: 0.00 | AB145: 0 | AC145: 0.000000 | AD145: -5540.83 | AE145: 0.00 | AF145: 618OP | AG145: =_xlfn.XLOOKUP(AF145,Planilha2!B:B,Planilha2!A:A,0,0) -> RPO-0J60 | AH145: FIN | AI145: 3 | AJ145: OPERACIONAL | AK145: 14 | AL145: 3 | AM145: L | AN145: ANA.PESSOA | AO145: NULL | AP145: NULL | AQ145: 2022-12-20 00:00:00.000
A146: FIN | B146: REALIZADO | C146: 000002088ME0041 | D146: 119473 | E146: 1 | F146: FIN | G146: 2025-11-19 10:22:00.000 | H146: NULL | I146: 19 | J146: 21 | K146: TRANSFERÊNCIA URBANA - EMPURRADA | L146: 112 | M146: OPERALOG AMAZÔNIA - CAMAÇARI | N146: 35 | O146: OPERACIONAL | P146: 149 | Q146: FINANCIAMENTOS DE VEÍCULOS PESADOS - VP | R146: 61 | S146: C.D.C. - VP | T146: D | U146: 1 | V146: 1 | W146: 2026 | X146: 0 | Y146: 0 | Z146: 0.00000000000 | AA146: 0.00 | AB146: 0 | AC146: 0.000000 | AD146: -25085.47 | AE146: 0.00 | AF146: 2484 | AG146: =_xlfn.XLOOKUP(AF146,Planilha2!B:B,Planilha2!A:A,0,0) -> RPG-2G75 | AH146: FIN | AI146: 3 | AJ146: OPERACIONAL | AK146: 14 | AL146: 3 | AM146: L | AN146: ISABELA.SILVA | AO146: NULL | AP146: NULL | AQ146: 2022-07-28 00:00:00.000
A147: FIN | B147: REALIZADO | C147: 000011209ME0041 | D147: 21009 | E147: 1 | F147: FIN | G147: 2026-05-26 15:47:00.000 | H147: NULL | I147: 12 | J147: 21 | K147: TRANSFERÊNCIA URBANA - EMPURRADA | L147: 112 | M147: OPERALOG AMAZÔNIA - CAMAÇARI | N147: 35 | O147: OPERACIONAL | P147: 149 | Q147: FINANCIAMENTOS DE VEÍCULOS PESADOS - VP | R147: 61 | S147: C.D.C. - VP | T147: D | U147: 6 | V147: 2 | W147: 2026 | X147: 0 | Y147: 0 | Z147: 0.00000000000 | AA147: 0.00 | AB147: 0 | AC147: 0.000000 | AD147: -17725.04 | AE147: 0.00 | AF147: 2468 | AG147: =_xlfn.XLOOKUP(AF147,Planilha2!B:B,Planilha2!A:A,0,0) -> RPG-9B10 | AH147: FIN | AI147: 3 | AJ147: OPERACIONAL | AK147: 14 | AL147: 3 | AM147: L | AN147: ISABELA.SILVA | AO147: NULL | AP147: NULL | AQ147: 2022-07-14 00:00:00.000
A148: FIN | B148: REALIZADO | C148: 000011210ME0040 | D148: 21009 | E148: 1 | F148: FIN | G148: 2026-05-05 12:47:00.000 | H148: NULL | I148: 12 | J148: 21 | K148: TRANSFERÊNCIA URBANA - EMPURRADA | L148: 112 | M148: OPERALOG AMAZÔNIA - CAMAÇARI | N148: 35 | O148: OPERACIONAL | P148: 149 | Q148: FINANCIAMENTOS DE VEÍCULOS PESADOS - VP | R148: 61 | S148: C.D.C. - VP | T148: D | U148: 5 | V148: 2 | W148: 2026 | X148: 0 | Y148: 0 | Z148: 0.00000000000 | AA148: 0.00 | AB148: 0 | AC148: 0.000000 | AD148: -17725.04 | AE148: 0.00 | AF148: 2482 | AG148: =_xlfn.XLOOKUP(AF148,Planilha2!B:B,Planilha2!A:A,0,0) -> RPG-1D47 | AH148: FIN | AI148: 3 | AJ148: OPERACIONAL | AK148: 14 | AL148: 3 | AM148: L | AN148: ISABELA.SILVA | AO148: NULL | AP148: NULL | AQ148: 2022-07-14 00:00:00.000
A149: FIN | B149: REALIZADO | C149: 000002088ME0047 | D149: 119473 | E149: 1 | F149: FIN | G149: 2026-06-19 16:39:00.000 | H149: NULL | I149: 19 | J149: 21 | K149: TRANSFERÊNCIA URBANA - EMPURRADA | L149: 112 | M149: OPERALOG AMAZÔNIA - CAMAÇARI | N149: 35 | O149: OPERACIONAL | P149: 149 | Q149: FINANCIAMENTOS DE VEÍCULOS PESADOS - VP | R149: 61 | S149: C.D.C. - VP | T149: D | U149: 7 | V149: 3 | W149: 2026 | X149: 0 | Y149: 0 | Z149: 0.00000000000 | AA149: 0.00 | AB149: 0 | AC149: 0.000000 | AD149: -25085.47 | AE149: 0.00 | AF149: 2486 | AG149: =_xlfn.XLOOKUP(AF149,Planilha2!B:B,Planilha2!A:A,0,0) -> RPG-0C44 | AH149: FIN | AI149: 3 | AJ149: OPERACIONAL | AK149: 14 | AL149: 3 | AM149: L | AN149: ISABELA.SILVA | AO149: NULL | AP149: NULL | AQ149: 2022-07-28 00:00:00.000
A150: FIN | B150: REALIZADO | C150: 000002088ME0041 | D150: 119473 | E150: 1 | F150: FIN | G150: 2025-11-19 10:22:00.000 | H150: NULL | I150: 19 | J150: 21 | K150: TRANSFERÊNCIA URBANA - EMPURRADA | L150: 112 | M150: OPERALOG AMAZÔNIA - CAMAÇARI | N150: 35 | O150: OPERACIONAL | P150: 149 | Q150: FINANCIAMENTOS DE VEÍCULOS PESADOS - VP | R150: 61 | S150: C.D.C. - VP | T150: D | U150: 1 | V150: 1 | W150: 2026 | X150: 0 | Y150: 0 | Z150: 0.00000000000 | AA150: 0.00 | AB150: 0 | AC150: 0.000000 | AD150: -25085.47 | AE150: 0.00 | AF150: 2486 | AG150: =_xlfn.XLOOKUP(AF150,Planilha2!B:B,Planilha2!A:A,0,0) -> RPG-0C44 | AH150: FIN | AI150: 3 | AJ150: OPERACIONAL | AK150: 14 | AL150: 3 | AM150: L | AN150: ISABELA.SILVA | AO150: NULL | AP150: NULL | AQ150: 2022-07-28 00:00:00.000
A151: FIN | B151: REALIZADO | C151: 000002088ME0045 | D151: 119473 | E151: 1 | F151: FIN | G151: 2026-04-28 14:58:00.000 | H151: NULL | I151: 19 | J151: 21 | K151: TRANSFERÊNCIA URBANA - EMPURRADA | L151: 112 | M151: OPERALOG AMAZÔNIA - CAMAÇARI | N151: 35 | O151: OPERACIONAL | P151: 149 | Q151: FINANCIAMENTOS DE VEÍCULOS PESADOS - VP | R151: 61 | S151: C.D.C. - VP | T151: D | U151: 5 | V151: 2 | W151: 2026 | X151: 0 | Y151: 0 | Z151: 0.00000000000 | AA151: 0.00 | AB151: 0 | AC151: 0.000000 | AD151: -25085.47 | AE151: 0.00 | AF151: 2486 | AG151: =_xlfn.XLOOKUP(AF151,Planilha2!B:B,Planilha2!A:A,0,0) -> RPG-0C44 | AH151: FIN | AI151: 3 | AJ151: OPERACIONAL | AK151: 14 | AL151: 3 | AM151: L | AN151: ISABELA.SILVA | AO151: NULL | AP151: NULL | AQ151: 2022-07-28 00:00:00.000
A152: FIN | B152: REALIZADO | C152: 000011433ME0036 | D152: 42128 | E152: 1 | F152: FIN | G152: 2026-07-01 09:58:00.000 | H152: NULL | I152: 19 | J152: 21 | K152: TRANSFERÊNCIA URBANA - EMPURRADA | L152: 112 | M152: OPERALOG AMAZÔNIA - CAMAÇARI | N152: 35 | O152: OPERACIONAL | P152: 149 | Q152: FINANCIAMENTOS DE VEÍCULOS PESADOS - VP | R152: 61 | S152: C.D.C. - VP | T152: D | U152: 7 | V152: 3 | W152: 2026 | X152: 0 | Y152: 0 | Z152: 0.00000000000 | AA152: 0.00 | AB152: 0 | AC152: 0.000000 | AD152: -21803.02 | AE152: 0.00 | AF152: 2568 | AG152: =_xlfn.XLOOKUP(AF152,Planilha2!B:B,Planilha2!A:A,0,0) -> RPH-6E45 | AH152: FIN | AI152: 3 | AJ152: OPERACIONAL | AK152: 14 | AL152: 3 | AM152: L | AN152: ISABELA.SILVA | AO152: NULL | AP152: NULL | AQ152: 2022-08-09 00:00:00.000
A153: FIN | B153: REALIZADO | C153: 000011433ME0034 | D153: 42128 | E153: 1 | F153: FIN | G153: 2026-04-30 13:23:00.000 | H153: NULL | I153: 19 | J153: 21 | K153: TRANSFERÊNCIA URBANA - EMPURRADA | L153: 112 | M153: OPERALOG AMAZÔNIA - CAMAÇARI | N153: 35 | O153: OPERACIONAL | P153: 149 | Q153: FINANCIAMENTOS DE VEÍCULOS PESADOS - VP | R153: 61 | S153: C.D.C. - VP | T153: D | U153: 5 | V153: 2 | W153: 2026 | X153: 0 | Y153: 0 | Z153: 0.00000000000 | AA153: 0.00 | AB153: 0 | AC153: 0.000000 | AD153: -21803.02 | AE153: 0.00 | AF153: 2564 | AG153: =_xlfn.XLOOKUP(AF153,Planilha2!B:B,Planilha2!A:A,0,0) -> RPH-5I87 | AH153: FIN | AI153: 3 | AJ153: OPERACIONAL | AK153: 14 | AL153: 3 | AM153: L | AN153: ISABELA.SILVA | AO153: NULL | AP153: NULL | AQ153: 2022-08-09 00:00:00.000
A154: FIN | B154: REALIZADO | C154: 000011433ME0034 | D154: 42128 | E154: 1 | F154: FIN | G154: 2026-04-30 13:23:00.000 | H154: NULL | I154: 19 | J154: 21 | K154: TRANSFERÊNCIA URBANA - EMPURRADA | L154: 112 | M154: OPERALOG AMAZÔNIA - CAMAÇARI | N154: 35 | O154: OPERACIONAL | P154: 149 | Q154: FINANCIAMENTOS DE VEÍCULOS PESADOS - VP | R154: 61 | S154: C.D.C. - VP | T154: D | U154: 5 | V154: 2 | W154: 2026 | X154: 0 | Y154: 0 | Z154: 0.00000000000 | AA154: 0.00 | AB154: 0 | AC154: 0.000000 | AD154: -21803.02 | AE154: 0.00 | AF154: 2570 | AG154: =_xlfn.XLOOKUP(AF154,Planilha2!B:B,Planilha2!A:A,0,0) -> RPH-8F00 | AH154: FIN | AI154: 3 | AJ154: OPERACIONAL | AK154: 14 | AL154: 3 | AM154: L | AN154: ISABELA.SILVA | AO154: NULL | AP154: NULL | AQ154: 2022-08-09 00:00:00.000
A155: FIN | B155: REALIZADO | C155: 000011522ME0031 | D155: 69551 | E155: 1 | F155: FIN | G155: 2023-08-18 13:15:00.000 | H155: NULL | I155: 109 | J155: 21 | K155: TRANSFERÊNCIA URBANA - EMPURRADA | L155: 112 | M155: OPERALOG AMAZÔNIA - CAMAÇARI | N155: 35 | O155: OPERACIONAL | P155: 149 | Q155: FINANCIAMENTOS DE VEÍCULOS PESADOS - VP | R155: 61 | S155: C.D.C. - VP | T155: D | U155: 1 | V155: 1 | W155: 2026 | X155: 0 | Y155: 0 | Z155: 0.00000000000 | AA155: 0.00 | AB155: 0 | AC155: 0.000000 | AD155: -5540.83 | AE155: 0.00 | AF155: 618OP | AG155: =_xlfn.XLOOKUP(AF155,Planilha2!B:B,Planilha2!A:A,0,0) -> RPO-0J60 | AH155: FIN | AI155: 3 | AJ155: OPERACIONAL | AK155: 14 | AL155: 3 | AM155: L | AN155: ANA.PESSOA | AO155: NULL | AP155: NULL | AQ155: 2022-12-20 00:00:00.000
...

Sheet Planilha2
A1: numvei | B1: codvei
A2: KJL-0946 | B2: KJL0946
A3: PPA-0646 | B3: 028
A4: NBB-0102 | B4: 02E
A5: NNH-0450 | B5: 0450
A6: OYF-6929 | B6: 077
A7: EEZ-7458 | B7: 082019
A8: MZG-0834 | B8: 0834
A9: NMI-0867 | B9: 0867
A10: HUH-1777 | B10: 1
A11: KJX-0970 | B11: 1000E
A12: OTX-7562 | B12: 1001
A13: KJW-1490 | B13: 1002E
A14: OTV-9521 | B14: 1003
A15: KJT-9960 | B15: 1004E
A16: OTX-7552 | B16: 1005
A17: KJR-9170 | B17: 1006E
A18: OTX-7H02 | B18: 1007
A19: KJQ-2440 | B19: 1008E
A20: OTX-7782 | B20: 1009
A21: PFK-0932 | B21: 100E
A22: PEG-0000 | B22: 101
A23: NDS-6267 | B23: 1010E
A24: CQH-5741 | B24: 1011
A25: OTX-7G32 | B25: 1011E
A26: NDS-6297 | B26: 1012E
A27: CQH-5983 | B27: 1013
A28: OTX-7592 | B28: 1013E
A29: NDS-6287 | B29: 1014E
A30: CQH-2718 | B30: 1015
A31: OTX-7612 | B31: 1015E
A32: NCD-4891 | B32: 1016E
A33: CQH-6022 | B33: 1017
A34: OTX-7602 | B34: 1017E
A35: NDS-6277 | B35: 1018E
A36: OTX-7582 | B36: 1019E
A37: RTI-5B06 | B37: 101AL
A38: PEG-1222 | B38: 101E
A39: PEM-0000 | B39: 102
A40: PDM-7D90 | B40: 1020
A41: CQH-3218 | B41: 1021
A42: OTX-7512 | B42: 1021E
A43: PDM-7F20 | B43: 1022
A44: CQH-5065 | B44: 1023
A45: OTX-7292 | B45: 1023E
A46: PDM-7E80 | B46: 1024
A47: CQH-5742 | B47: 1025
A48: OTX-7362 | B48: 1025E
A49: PDM-7F70 | B49: 1026
A50: CQH-5894 | B50: 1027
A51: OTX-7662 | B51: 1027E
A52: PDM-7440 | B52: 1028
A53: OTX-7502 | B53: 1029
A54: QLZ-3D18 | B54: 1029E
A55: JBF-4J62 | B55: 102AL
A56: PEM-1222 | B56: 102E
A57: PEJ-0000 | B57: 103
A58: PDM-7D40 | B58: 1030
A59: QYR-2D11 | B59: 1031
A60: QLZ-3D58 | B60: 1031E
A61: PDM-7G90 | B61: 1032
A62: CQH-3586 | B62: 1033
A63: QYR-2G41 | B63: 1033E
A64: PDM-7E70 | B64: 1034
A65: CQH-3569 | B65: 1035
A66: QYR-2E71 | B66: 1035E
A67: PDM-7E30 | B67: 1036
A68: CQH-5052 | B68: 1037
A69: QYR-2C31 | B69: 1037E
A70: PDM-7G80 | B70: 1038
A71: QYR-3A21 | B71: 1039
A72: QWP-1J79 | B72: 1039E
A73: JBF-4J60 | B73: 103AL
A74: PEJ-1222 | B74: 103E
A75: PEY-0000 | B75: 104
A76: PDY-3415 | B76: 1040
A77: QYR-2J71 | B77: 1041
A78: QWP-2I79 | B78: 1041E
A79: PDY-2855 | B79: 1042
A80: CQH-5056 | B80: 1043
A81: QYR-2I51 | B81: 1043E
A82: QYP-3G12 | B82: 1044
A83: QYR-2H71 | B83: 1045
A84: JSJ-5C03 | B84: 1045E
A85: QYP-3F32 | B85: 1046
A86: QYR-2E31 | B86: 1047
A87: JSR-3J67 | B87: 1047E
A88: QYP-3G72 | B88: 1048
A89: CQH-3415 | B89: 1049
A90: NTH-3G41 | B90: 1049E
A91: JBA-1I29 | B91: 104AL
A92: PEY-1312 | B92: 104E
A93: PFN-0000 | B93: 105
A94: QYP-6C04 | B94: 1050
A95: CQH-3481 | B95: 1051
A96: NTH-3J22 | B96: 1051E
A97: QYP-6C44 | B97: 1052
A98: CQH-3483 | B98: 1053
A99: NZG-3F57 | B99: 1053E
A100: RZG-8F64 | B100: 1054
...
